colour,currency,description,image_urls,price,product_name
black,AUD,"Minimalist fitted polo neck top fabricated in a wool/cashmere blend
 - High neck with rib detailing
 - Fitted full length sleeves
 - Fitted body
 - Perfect for winter layering",https://cdn.shopify.com/s/files/1/2129/8823/products/VENROY_ECOMM_WOMENS_W_2_29_2000x.jpg?v=1581049846>>https://cdn.shopify.com/s/files/1/2129/8823/products/VENROY_ECOMM_WOMENS_W_2_30_2000x.jpg?v=1581049846>>https://cdn.shopify.com/s/files/1/2129/8823/products/VENROY_ECOMM_WOMENS_W_2_31_2000x.jpg?v=1581049846>>https://cdn.shopify.com/s/files/1/2129/8823/products/VENROY_ECOMM_WOMENS_W_1_28_5f8ca957-d0eb-4a75-93af-573f2e51e994_2000x.jpg?v=1581049846>>https://cdn.shopify.com/s/files/1/2129/8823/products/VENROY_ECOMM_WOMENS_W_1_29_f33b8307-ed01-4a59-b728-12ab0062cabf_2000x.jpg?v=1581049846>>https://cdn.shopify.com/s/files/1/2129/8823/products/VENROY_ECOMM_WOMENS_W_1_30_35084026-f2c8-4ab5-b4bd-1fccd1789aa9_2000x.jpg?v=1581049846,180.0,Cashmere layering knit
black,AUD,"Thin and warm layering knit with subtle rib finish.
 - Perfect to wear on its own or layered
 - Polo neck finish
 - Subtle contrast rib on neck, cuffs and hem
 - Fitted to body with a stretch finish
 - Long Sleeves
 - Moderate to long hem finish",https://cdn.shopify.com/s/files/1/2129/8823/products/VENROY_ECOMM_WOMENS_AW_1_39_2000x.jpg?v=1590982939>>https://cdn.shopify.com/s/files/1/2129/8823/products/VENROY_ECOMM_WOMENS_AW_1_40_2000x.jpg?v=1590982939>>https://cdn.shopify.com/s/files/1/2129/8823/products/VENROY_ECOMM_WOMENS_AW_1_41_2000x.jpg?v=1590982939>>https://cdn.shopify.com/s/files/1/2129/8823/products/VENROY_AW20_10_1f165b5c-4b0f-46f0-ab15-367f276cb96b_2000x.png?v=1592382660,200.0,Rib layering knit
black,AUD,Wide rib knit scarf in pure cashmere,https://cdn.shopify.com/s/files/1/2129/8823/products/VENROY_ECOMM_WOMENS_AW_1_23_2000x.jpg?v=1590979205>>https://cdn.shopify.com/s/files/1/2129/8823/products/VENROY_ECOMM_WOMENS_AW_1_24_2000x.jpg?v=1590979205,240.0,Womens cashmere scarf
black,AUD,"Thick winter cable knit in cotton/cashmere blend.
 - Nostalgic cable knit detailing down the body and arms
 - Generous polo neck finished with thick rib detail
 - Cuffs and hem finished with contrast rib detail
 - Comfortable fit on the body
 - Moderate length
 - Boxy finish fit at hem
 - Fabricated in an indulgent, thick cashmere/cotton blend ",https://cdn.shopify.com/s/files/1/2129/8823/products/VENROY_ECOMM_WOMENS_AW_1_32_2000x.jpg?v=1590980001>>https://cdn.shopify.com/s/files/1/2129/8823/products/VENROY_ECOMM_WOMENS_AW_1_33_2000x.jpg?v=1590980001>>https://cdn.shopify.com/s/files/1/2129/8823/products/VENROY_ECOMM_WOMENS_AW_1_34_2000x.jpg?v=1590980001,200.0,Cotton cashmere cable knit
milk,AUD,"Thick winter cable knit in cotton/cashmere blend.
 - Nostalgic cable knit detailing down the body and arms
 - Generous polo neck finished with thick rib detail
 - Cuffs and hem finished with contrast rib detail
 - Comfortable fit on the body
 - Moderate length
 - Boxy finish fit at hem
 - Fabricated in an indulgent, thick cashmere/cotton blend ",https://cdn.shopify.com/s/files/1/2129/8823/products/VENROY_ECOMM_WOMENS_AW_1_42_2000x.jpg?v=1590980579>>https://cdn.shopify.com/s/files/1/2129/8823/products/VENROY_AW20_08_2000x.png?v=1592382730>>https://cdn.shopify.com/s/files/1/2129/8823/products/VENROY_ECOMM_WOMENS_AW_1_43_2000x.jpg?v=1592382730>>https://cdn.shopify.com/s/files/1/2129/8823/products/VENROY_ECOMM_WOMENS_AW_1_44_2000x.jpg?v=1592382730>>https://cdn.shopify.com/s/files/1/2129/8823/products/VENROY_ECOMM_WOMENS_AW_1_45_2000x.jpg?v=1592382730>>https://cdn.shopify.com/s/files/1/2129/8823/products/VENROY_AW20_11_2000x.png?v=1592382730,200.0,Cotton cashmere cable knit
yellow,AUD,"Our Women's Front Tie Shirt is an easy option for up top, pair with lounge shorts, trousers or a skirt. An eye catching tie at the front elevates this essential linen piece.",https://cdn.shopify.com/s/files/1/2129/8823/products/S84-T3-Yellow-B14-White-18347-Venroy-0833_d94cb3bf-db60-4664-be4d-6c1a084dce1b_2000x.jpg?v=1590465526>>https://cdn.shopify.com/s/files/1/2129/8823/products/S84-T3-Yellow-B14-White-18347-Venroy-0835_99fcaf7c-c02b-4f33-a330-e4da65ff8af2_2000x.jpg?v=1590465526>>https://cdn.shopify.com/s/files/1/2129/8823/products/S84-T3-Yellow-B14-White-18347-Venroy-0833_copy_2000x.jpg?v=1590465526>>https://cdn.shopify.com/s/files/1/2129/8823/products/S7-T3-18347-Venroy-0025_2000x.jpg?v=1590465526,110.0,Womens front tie shirt
latte,AUD,"Thin and warm layering knit with subtle rib finish.
 - Perfect to wear on its own or layered
 - Polo neck finish
 - Subtle contrast rib on neck, cuffs and hem
 - Fitted to body with a stretch finish
 - Long Sleeves
 - Moderate to long hem finish",https://cdn.shopify.com/s/files/1/2129/8823/products/VENROY_ECOMM_WOMENS_AW_1_1_2000x.jpg?v=1590980705>>https://cdn.shopify.com/s/files/1/2129/8823/products/VENROY_ECOMM_WOMENS_AW_1_2_2000x.jpg?v=1590980705>>https://cdn.shopify.com/s/files/1/2129/8823/products/VENROY_ECOMM_WOMENS_AW_1_3_2000x.jpg?v=1590980705>>https://cdn.shopify.com/s/files/1/2129/8823/products/VENROY_ECOMM_WOMENS_AW_1_4_bf43b8a7-83c4-4fec-afaf-954c37e47bf9_2000x.jpg?v=1590980705>>https://cdn.shopify.com/s/files/1/2129/8823/products/VENROY_AW20_12_2000x.png?v=1592380714>>https://cdn.shopify.com/s/files/1/2129/8823/products/VENROY_AW20_01_2000x.png?v=1592380714,200.0,Rib layering knit
white,AUD,"Introducing Venroy Woman Swim. A selection of interchangeable separates in flattering cuts. Made in Italy from recycled materials, this top has removable straps and a branded gold clasp.   <em>Bottoms  sold separately.",https://cdn.shopify.com/s/files/1/2129/8823/products/VENROY_WOMENS_HS_124_2000x.jpg?v=1590465797>>https://cdn.shopify.com/s/files/1/2129/8823/products/VENROY_WOMENS_HS_126_2000x.jpg?v=1590465797>>https://cdn.shopify.com/s/files/1/2129/8823/products/VENROY_WOMENS_HS_125_2000x.jpg?v=1590465797>>https://cdn.shopify.com/s/files/1/2129/8823/products/W2_ECOMM_CAMPAIGN_22_copy_37ccdb35-86d8-40b9-91c1-5f864829704c_2000x.jpg?v=1590465797,75.0,Bandeau top
moonrock flat grey,AUD,"Garrett Leight's iconic round sunglass finished with metal framing.
 - Stainless steel frame with cured cellulose acetate temples
 - Semi-flat CR39 lenses with UV protection
 - Lenses have with AR coating in a Grey Shadow Gradient tint
 - Clamp-on nosepads with adjustable metal arms
 - Standard GLCO case",https://cdn.shopify.com/s/files/1/2129/8823/products/Wilson_M_49_Moonrock-Semi-Flat_Grey_Shadow_Gradient_4005-49-MRK-SFGSHG_1296x_2d31d878-a4d7-4a70-8a8e-517c95a382c7_2000x.jpg?v=1590720330>>https://cdn.shopify.com/s/files/1/2129/8823/products/Wilson_M_49_Moonrock-Semi-Flat_Grey_Shadow_Gradient_4005-49-MRK-SFGSHGv2_1296x_f550f958-3bda-4b7d-a66d-8d8d0018520e_2000x.png?v=1590720330,520.0,Garrett leight wilson 49
black pure grey,AUD,"Cult status iconic Garrett Leight frame. Inspired by John Lennon, these metal Windsor rim sunglasses complement a wide range of styles.
 - Stainless steel frame with black acetate windsor rims
 - Arms detailed with Matte Spotted Tortoise acetate finish
 - Semi-flat mineral glass lenses with UV protection
 - Lenses have AR coating in Pure Grey tint
 - Clamp-on nosepads with adjustable metal arms
 - Standard GLCO case",https://cdn.shopify.com/s/files/1/2129/8823/products/Wilson_46_Matte_Black-Matte_Spotted_Tortoise-_Pure_Grey_4003-46-MBK-MST-PGY_1296x_8f99e824-8b3f-49ba-95af-dfd5c8f3e549_2000x.png?v=1590720329>>https://cdn.shopify.com/s/files/1/2129/8823/products/Wilson_46_Matte_Black-Matte_Spotted_Tortoise-_Pure_Grey_4003-46-MBK-MST-PGYv2_1296x_f8871021-e22c-4a93-a361-2c43c947c5d8_2000x.png?v=1590720329,540.0,Garrett leight wilson 49
summer stripe,AUD,"Crop short sleeve summer shirt with front tie feature
 - Classic shirt collar
 - Short sleeve length with
 - Functional button down front
 - Extended front tie feature
 - Can be styled to the back or front",https://cdn.shopify.com/s/files/1/2129/8823/products/VENROY_ECOMM_WOMENS_2_7_2000x.jpg?v=1590465728>>https://cdn.shopify.com/s/files/1/2129/8823/products/VENROY_ECOMM_WOMENS_2_9_2000x.jpg?v=1590465728>>https://cdn.shopify.com/s/files/1/2129/8823/products/VENROY_ECOMM_WOMENS_2_10_2000x.jpg?v=1590465728>>https://cdn.shopify.com/s/files/1/2129/8823/products/VENROY_ECOMM_WOMENS_2_8_2000x.jpg?v=1590465728,125.0,Front tie shirt
off white,AUD,"Comfortable all-rounder with a little more oomph.
 - Box shape fit
 - Wide rib collar
 - Heavyweight cotton
 - V logo flag tag",https://cdn.shopify.com/s/files/1/2129/8823/products/VENROY_ECOMM_MENS_AW_2_24_577d8c53-8c5f-4ef1-9628-67facd889d20_2000x.jpg?v=1590813493>>https://cdn.shopify.com/s/files/1/2129/8823/products/VENROY_ECOMM_MENS_AW_2_25_2000x.jpg?v=1590813494>>https://cdn.shopify.com/s/files/1/2129/8823/products/VENROY_ECOMM_MENS_AW_2_26_2000x.jpg?v=1590813494>>https://cdn.shopify.com/s/files/1/2129/8823/products/VENROY_AW20_34_e25ed79c-795a-4697-9119-96ff4464e4bd_2000x.png?v=1594795169,90.0,Heavy weight t-shirt
biscuit,AUD,This T-Shirt is made from our signature Linen Jersey.,https://cdn.shopify.com/s/files/1/2129/8823/products/VENROY_ECOMM_MENS_H_55_2000x.jpg?v=1581049854>>https://cdn.shopify.com/s/files/1/2129/8823/products/VENROY_ECOMM_MENS_H_117_2000x.jpg?v=1581049854>>https://cdn.shopify.com/s/files/1/2129/8823/products/VENROY_ECOMM_MENS_H_118_2000x.jpg?v=1581049854>>https://cdn.shopify.com/s/files/1/2129/8823/products/VENROY_ECOMM_MENS_H_121_2000x.jpg?v=1581049854>>https://cdn.shopify.com/s/files/1/2129/8823/products/VENROY_ECOMM_MENS_H_7_9edabfe1-2081-45e2-b782-5ef3d7f9f0e8_2000x.jpg?v=1581049854>>https://cdn.shopify.com/s/files/1/2129/8823/products/VENROY_ECOMM_MENS_H_8_1e74b3c8-d841-425b-9620-d87f534dc243_2000x.jpg?v=1581049854>>https://cdn.shopify.com/s/files/1/2129/8823/products/VENROY_ECOMM_MENS_H_9_2000x.jpg?v=1581049854,70.0,Linen t-shirt
white navy stripe,AUD,"Our Knitted T-Shirt is a unique staple for your summer wardrobe. A light weight woven linen, that will relax and contract after wash and wear. The best technique to lengthen at any point, is a quick run with a warm iron.",https://cdn.shopify.com/s/files/1/2129/8823/products/VENROY_ECOMM_MENS_HIGH_SUMMER_1_176_2000x.jpg?v=1581651050>>https://cdn.shopify.com/s/files/1/2129/8823/products/VENROY_ECOMM_MENS_HIGH_SUMMER_1_177_2000x.jpg?v=1581651050>>https://cdn.shopify.com/s/files/1/2129/8823/products/VENROY_ECOMM_MENS_HIGH_SUMMER_1_178_2000x.jpg?v=1581651050>>https://cdn.shopify.com/s/files/1/2129/8823/products/VENROY_ECOMM_MENS_HIGH_SUMMER_1_179_2000x.jpg?v=1581651050>>https://cdn.shopify.com/s/files/1/2129/8823/products/VENROY_ECOMM_MENS_HIGH_SUMMER_1_172_b3786392-1b56-4eb1-a882-09ce26d73a6c_2000x.jpg?v=1581651050>>https://cdn.shopify.com/s/files/1/2129/8823/products/M_VENROY_CAMP_ECOMM_6_2000x.jpg?v=1581651074,120.0,Knitted stripe t-shirt
sand marl,AUD,"The Tailored Lounge Pant offers a more streamlined silhouette in the signature lightweight linen we're known for.
 - Straight hem cuff.
 - Slim line pockets
 - Same make drawcord.",https://cdn.shopify.com/s/files/1/2129/8823/products/VENROY_ECOMM_MENS_AW_3_32_2000x.jpg?v=1591850302>>https://cdn.shopify.com/s/files/1/2129/8823/products/VENROY_ECOMM_MENS_AW_3_33_2000x.jpg?v=1591850302>>https://cdn.shopify.com/s/files/1/2129/8823/products/VENROY_ECOMM_MENS_AW_3_34_2000x.jpg?v=1591850302>>https://cdn.shopify.com/s/files/1/2129/8823/products/VENROY_ECOMM_MENS_AW_1_48_2000x.jpg?v=1591850361,125.0,Tailored lounge pant
grey marl / white tip,AUD,"This blend of Cashmere and Wool knitted thoughtfully into a perfect-fit tee, offers  a premium layering piece like no other.
 - contrasting collar detail
 - no-itch  cashmere throughout",https://cdn.shopify.com/s/files/1/2129/8823/products/VENROY_ECOMM_MENS_HIGH_SUMMER_1_29_2000x.jpg?v=1590465967>>https://cdn.shopify.com/s/files/1/2129/8823/products/VENROY_ECOMM_MENS_HIGH_SUMMER_1_30_2000x.jpg?v=1590465967>>https://cdn.shopify.com/s/files/1/2129/8823/products/VENROY_ECOMM_MENS_HIGH_SUMMER_1_31_2000x.jpg?v=1590465967>>https://cdn.shopify.com/s/files/1/2129/8823/products/VENROY_ECOMM_MENS_W_161_2000x.jpg?v=1585204683>>https://cdn.shopify.com/s/files/1/2129/8823/products/VENROY_ECOMM_MENS_W_162_2000x.jpg?v=1585204683>>https://cdn.shopify.com/s/files/1/2129/8823/products/VENROY_ECOMM_MENS_W_163_2000x.jpg?v=1585204683,150.0,Knitted cashmere t-shirt
white hs stripe,AUD,"Now with a straight hem cuff, the Tailored Lounge Pant offers a more streamlined silhouette in the signature lightweight linen we're known for.
 - Stripe detail.
 - Straight hem cuff.
 - Slimline pockets.
 - Same make drawcord.",https://cdn.shopify.com/s/files/1/2129/8823/products/VENROY_ECOMM_MENS_HIGH_SUMMER_1_90_2000x.jpg?v=1580362973>>https://cdn.shopify.com/s/files/1/2129/8823/products/VENROY_ECOMM_MENS_HIGH_SUMMER_1_89_2000x.jpg?v=1580362973>>https://cdn.shopify.com/s/files/1/2129/8823/products/VENROY_ECOMM_MENS_HIGH_SUMMER_1_91_2000x.jpg?v=1580362973>>https://cdn.shopify.com/s/files/1/2129/8823/products/VENROY_ECOMM_MENS_HIGH_SUMMER_1_92_2000x.jpg?v=1580362948,130.0,Tailored lounge pant
sand marl,AUD,"Designer Notes: Signature OG Venroy linen lounge short
 - Woven cotton cord drawstring
 - Elasticated waist
 - Relaxed leg
 - Slight extra length on leg
 - Functional side pockets",https://cdn.shopify.com/s/files/1/2129/8823/products/VENROY_MENS_HS_113_2000x.jpg?v=1590465626>>https://cdn.shopify.com/s/files/1/2129/8823/products/VENROY_MENS_HS_114_2000x.jpg?v=1590465626>>https://cdn.shopify.com/s/files/1/2129/8823/products/VENROY_MENS_HS_115_2000x.jpg?v=1590465626,75.0,Original lounge short
taupe,AUD,"Our Tencel Lounge Short shares the same cut as our Linen Lounge Short, with an extra 2cm added to the length. The noticeable difference is to the touch, our Tencel Linen hybrid offers a softer, floatier lightweight feel. Ideally comfortable and airy for warm, summer days... without sacrificing style.
 - Slightly longer than our Linen Lounge Short
 - Drawcord waist
 - Functional side and rear pockets
 - Logo on back pocket",https://cdn.shopify.com/s/files/1/2129/8823/products/VENROY_ECOMM_MENS_SP_49_2000x.jpg?v=1581049951>>https://cdn.shopify.com/s/files/1/2129/8823/products/VENROY_ECOMM_MENS_SP_50_2000x.jpg?v=1581049951>>https://cdn.shopify.com/s/files/1/2129/8823/products/VENROY_ECOMM_MENS_SP_51_2000x.jpg?v=1581049951,90.0,Tencel lounge short
sage,AUD,"Designer Notes: Signature OG Venroy linen lounge short
 - Woven cotton cord drawstring
 - Elasticated waist
 - Relaxed leg
 - Slight extra length on leg
 - Functional side pockets",https://cdn.shopify.com/s/files/1/2129/8823/products/VENROY_ECOMM_MENS_H_111_b26359ce-4eb6-42c8-8599-83411ad08f2f_2000x.jpg?v=1581049921>>https://cdn.shopify.com/s/files/1/2129/8823/products/VENROY_ECOMM_MENS_H_113_eb0d9f52-ada8-46b0-be80-33a22485037e_2000x.jpg?v=1581049921>>https://cdn.shopify.com/s/files/1/2129/8823/products/VENROY_ECOMM_MENS_H_114_96319173-8cca-4a89-84dc-7d79ab76d987_2000x.jpg?v=1581049921>>https://cdn.shopify.com/s/files/1/2129/8823/products/VENROY_ECOMM_MENS_H_115_afd5ad69-c544-42fc-a699-b88d19454da0_2000x.jpg?v=1581049921>>https://cdn.shopify.com/s/files/1/2129/8823/products/VENROY_ECOMM_MENS_H_116_2000x.jpg?v=1581049921>>https://cdn.shopify.com/s/files/1/2129/8823/products/VENROY_ECOMM_MENS_H_172_51cc66fd-58bf-4745-b593-8a60bd2d8509_2000x.jpg?v=1581049921>>https://cdn.shopify.com/s/files/1/2129/8823/products/VENROY_ECOMM_MENS_H_173_4e5f7f36-8c15-42b1-be99-bc5e77e90a8f_2000x.jpg?v=1581049921>>https://cdn.shopify.com/s/files/1/2129/8823/products/VENROY_ECOMM_MENS_H_174_9366bcd1-0e6e-43a6-8d44-6ebc9531fcae_2000x.jpg?v=1581049921>>https://cdn.shopify.com/s/files/1/2129/8823/products/VENROY_ECOMM_MENS_H_175_2000x.jpg?v=1581049921,75.0,Original lounge short
smoke grey / white stripe,AUD,"Our Tencel Lounge Short shares the same cut as our Linen Lounge Short, with an extra 2cm added to the length. The noticeable difference is to the touch, our Tencel Linen hybrid offers a softer, floatier lightweight feel. Ideally comfortable and airy for warm, summer days... without sacrificing style.",https://cdn.shopify.com/s/files/1/2129/8823/products/VENROY_ECOMM_MENS_3_114_98898f8b-a695-4747-af2d-9ef0295ab3c6_2000x.jpg?v=1581049799>>https://cdn.shopify.com/s/files/1/2129/8823/products/VENROY_ECOMM_MENS_3_112_8714afb7-1cb5-465c-b890-215f050aeae3_2000x.jpg?v=1581049799>>https://cdn.shopify.com/s/files/1/2129/8823/products/VENROY_ECOMM_MENS_3_113_adf9fef7-adbf-4297-9805-97ab4ccc9f24_2000x.jpg?v=1581049799>>https://cdn.shopify.com/s/files/1/2129/8823/products/VENROY_ECOMM_MENS_3_115_accf5894-47bd-4703-ba33-f07b66b8faa4_2000x.jpg?v=1581049799,85.0,Tencel lounge short
white,AUD,"Signature OG Venroy linen lounge short
 - Woven cotton cord drawstring
 - Elasticated waist
 - Relaxed leg
 - Slight extra length on leg
 - Functional side pockets",https://cdn.shopify.com/s/files/1/2129/8823/products/VENROY_ECOMM_MENS_H_10_2000x.jpg?v=1590465628>>https://cdn.shopify.com/s/files/1/2129/8823/products/VENROY_ECOMM_MENS_H_11_2000x.jpg?v=1590465628>>https://cdn.shopify.com/s/files/1/2129/8823/products/VENROY_ECOMM_MENS_H_12_2000x.jpg?v=1590465628,75.0,Original lounge short
white,AUD,"Introducing the Boxer Short, not to be confused with sleepwear, this new style takes the ultimate leisure piece into the streets. Two layers of lightweight Cotton, hidden drawcord and subtle split on each side. Just remember to wash them as you'll never take them off.",https://cdn.shopify.com/s/files/1/2129/8823/products/VENROY_MENS_HS_33_2000x.jpg?v=1582726727>>https://cdn.shopify.com/s/files/1/2129/8823/products/VENROY_MENS_HS_34_2000x.jpg?v=1582726727>>https://cdn.shopify.com/s/files/1/2129/8823/products/VENROY_MENS_HS_35_2000x.jpg?v=1582726727>>https://cdn.shopify.com/s/files/1/2129/8823/products/MENS_E-COMM_CAMPAIGN_1_b893dae1-8a13-4e2e-8b3b-96064ebf4393_2000x.jpg?v=1582726727,95.0,Poplin lounge short
geo print,AUD,"Our Tencel Lounge Short shares the same cut as our Linen Lounge Short, with an extra 2cm added to the length. The noticeable difference is to the touch, our Tencel Linen hybrid offers a softer, floatier lightweight feel. Ideally comfortable and airy for warm, summer days... without sacrificing style.
 - Slightly longer than our Linen Lounge Short
 - Drawcord waist
 - Functional side and rear pockets
 - Logo on back pocket",https://cdn.shopify.com/s/files/1/2129/8823/products/VENROY_ECOMM_MENS_SUMMER_2_78_2000x.jpg?v=1574920051>>https://cdn.shopify.com/s/files/1/2129/8823/products/VENROY_ECOMM_MENS_SUMMER_2_79_2000x.jpg?v=1574920051>>https://cdn.shopify.com/s/files/1/2129/8823/products/VENROY_ECOMM_MENS_SUMMER_2_80_2000x.jpg?v=1574920051>>https://cdn.shopify.com/s/files/1/2129/8823/products/VENROY_ECOMM_WOMENS_SUMMER_1_16_3ef07d22-6cff-483c-8a2c-a79d631d4666_2000x.jpg?v=1575956752,120.0,Tencel lounge short
white,AUD,"Designer Notes: An easy classic reinvented. When linen won't do, opt for Cotton Voile. Classic shape, now with French placket, pocket and stitch down collar.",https://cdn.shopify.com/s/files/1/2129/8823/products/VENROY_ECOMM_MENS_SUMMER_2_19_2000x.jpg?v=1574921714>>https://cdn.shopify.com/s/files/1/2129/8823/products/VENROY_ECOMM_MENS_SUMMER_2_20_2000x.jpg?v=1574921714>>https://cdn.shopify.com/s/files/1/2129/8823/products/VENROY_ECOMM_MENS_SUMMER_2_21_2000x.jpg?v=1574921714,100.0,Cotton shirt
black,AUD,"Designer Notes Made from the same durable cotton stretch as our trousers and jacket, with a little extra length in the leg, the ideal Summer companion.
 - Extra length on leg
 - Elastic waist with drawcord",https://cdn.shopify.com/s/files/1/2129/8823/products/VENROY_ECOMM_MENS_HIGH_SUMMER_1_41_f8dd5e9e-3db6-46dc-bfa6-febfe3fad679_2000x.jpg?v=1595218938>>https://cdn.shopify.com/s/files/1/2129/8823/products/VENROY_ECOMM_MENS_HIGH_SUMMER_1_40_f6eafcc9-5b38-472a-a24c-26a79da39362_2000x.jpg?v=1595218938>>https://cdn.shopify.com/s/files/1/2129/8823/products/VENROY_ECOMM_MENS_HIGH_SUMMER_1_42_dd16268f-9e09-4ed9-9851-00c3e195cbaf_2000x.jpg?v=1595218938>>https://cdn.shopify.com/s/files/1/2129/8823/products/VENROY_ECOMM_MENS_HIGH_SUMMER_1_43_41c2f7bb-024c-454d-9255-b8d348a9d549_2000x.jpg?v=1595218938,120.0,Cotton stretch short
aspen green,AUD,"Made from the same durable cotton stretch as our trousers  and jacket, with a little extra length in the leg, the ideal  Summer companion.
 - Extra length on leg
 - Elastic waist with drawcord",https://cdn.shopify.com/s/files/1/2129/8823/products/VENROY_ECOMM_MENS_SUMMER_2_8_2000x.jpg?v=1574994570>>https://cdn.shopify.com/s/files/1/2129/8823/products/VENROY_ECOMM_MENS_SUMMER_2_9_2000x.jpg?v=1574994570>>https://cdn.shopify.com/s/files/1/2129/8823/products/VENROY_ECOMM_MENS_SUMMER_2_7_2000x.jpg?v=1574994570,120.0,Cotton stretch short
black,AUD,"Classic linen mini with lace up feature in the back
 - Straight across neckline
 - Adjustable spaghetti straps
 - Mini length
 - Matching lace up detail in the back finished with signature copper hardware",https://cdn.shopify.com/s/files/1/2129/8823/products/VENROY_WOMENS_HS_34_2000x.jpg?v=1581049775>>https://cdn.shopify.com/s/files/1/2129/8823/products/VENROY_WOMENS_HS_36_2000x.jpg?v=1581049775>>https://cdn.shopify.com/s/files/1/2129/8823/products/VENROY_WOMENS_HS_35_2000x.jpg?v=1581049775,100.0,Lace up dress
white,AUD,"Classic linen mini with lace up feature in the back
 - Straight across neckline
 - Adjustable spaghetti straps
 - Mini length
 - Matching lace up detail in the back finished with signature copper hardware",https://cdn.shopify.com/s/files/1/2129/8823/products/VENROY_ECOMM_WOMENS_WHITE_DRESS_2_2000x.jpg?v=1581049774>>https://cdn.shopify.com/s/files/1/2129/8823/products/VENROY_ECOMM_WOMENS_WHITE_DRESS_1_2000x.jpg?v=1581049774,100.0,Lace up dress
navy,AUD,"Our Linen Lounge Pant features an elasticised waistband and cuff. Constructed from the same fabric as our popular Lounge Short, these can be worn casually or dressed up.",https://cdn.shopify.com/s/files/1/2129/8823/products/VENROY_ECOMM_MENS_H_125_2000x.jpg?v=1581049924>>https://cdn.shopify.com/s/files/1/2129/8823/products/VENROY_ECOMM_MENS_H_126_2000x.jpg?v=1581049924>>https://cdn.shopify.com/s/files/1/2129/8823/products/VENROY_ECOMM_MENS_H_127_2000x.jpg?v=1581049924>>https://cdn.shopify.com/s/files/1/2129/8823/products/VENROY_ECOMM_MENS_H_128_2000x.jpg?v=1581049924,95.0,Lounge pant
sage,AUD,"A hybrid of tailoring and comfort, with added benefits of Terry Towel cotton.
 - Working feature button
 - YKK zip
 - straight cut leg with cuff",https://cdn.shopify.com/s/files/1/2129/8823/products/VENROY_ECOMM_MENS_W_143_2000x.jpg?v=1590465924>>https://cdn.shopify.com/s/files/1/2129/8823/products/VENROY_ECOMM_MENS_W_144_2000x.jpg?v=1590465924>>https://cdn.shopify.com/s/files/1/2129/8823/products/VENROY_ECOMM_MENS_W_145_2000x.jpg?v=1590465924,100.0,Terry trouser
taupe,AUD,"Our Tencel Linen Shirt shares the same cut as our Linen Shirt, with a little extra room in the body and arms. The noticeable difference is to the touch, our Tencel Linen hybrid offers a softer, floatier feel. Ideally comfortable and airy for warm, summer days... without sacrificing style. Designed to sit loose.",https://cdn.shopify.com/s/files/1/2129/8823/products/VENROY_ECOMM_MENS_SP_79_3db1c2d3-4c70-49d5-b723-4227b6a17608_2000x.jpg?v=1581049945>>https://cdn.shopify.com/s/files/1/2129/8823/products/VENROY_ECOMM_MENS_SP_80_a4b4efed-0867-4894-8e19-58a8b266e19a_2000x.jpg?v=1581049945>>https://cdn.shopify.com/s/files/1/2129/8823/products/VENROY_ECOMM_MENS_SP_81_6417cd87-110e-42a5-b8b4-71196318a1ed_2000x.jpg?v=1581049945,130.0,Tencel shirt
sand marl,AUD,"Classic linen mini with lace up feature in the back
 - Straight across neckline
 - Adjustable spaghetti straps
 - Mini length
 - Matching lace up detail in the back finished with signature copper hardware",https://cdn.shopify.com/s/files/1/2129/8823/products/VENROY_WOMENS_HS_229_2000x.jpg?v=1590465188>>https://cdn.shopify.com/s/files/1/2129/8823/products/VENROY_WOMENS_HS_230_2000x.jpg?v=1590465188>>https://cdn.shopify.com/s/files/1/2129/8823/products/VENROY_WOMENS_HS_227_2000x.jpg?v=1590465188>>https://cdn.shopify.com/s/files/1/2129/8823/products/VENROY_WOMENS_HS_228_2000x.jpg?v=1590465188>>https://cdn.shopify.com/s/files/1/2129/8823/products/VENROY_WOMENS_HS_224_2000x.jpg?v=1590465188,100.0,Lace up dress
navy,AUD,"Our Chino Short in Dark Navy is a classic summer staple, throw on a T-shirt or one of our shirts and you’ll be good to go.",https://cdn.shopify.com/s/files/1/2129/8823/products/S39-17411-Venroy-021_2b598a02-d016-4008-b561-655c2a780652_2000x.jpg?v=1581049154>>https://cdn.shopify.com/s/files/1/2129/8823/products/S39-17411-Venroy-026_7631e897-1f2f-4af3-939e-6409cefff1e6_2000x.jpg?v=1581049154>>https://cdn.shopify.com/s/files/1/2129/8823/products/S47-17409-Venroy-144_2000x.jpg?v=1581049154,75.0,Chino short
stone,AUD,"Our Chino Short in Stone is a classic summer staple, throw on a T-shirt or one of our shirts and you’ll be good to go.",https://cdn.shopify.com/s/files/1/2129/8823/products/S31-17411-Venroy-132_2000x.jpg?v=1537339621>>https://cdn.shopify.com/s/files/1/2129/8823/products/S31-17411-Venroy-139_2000x.jpg?v=1537339621>>https://cdn.shopify.com/s/files/1/2129/8823/products/S4-17269-Venroy-001_2eab3e96-666f-4173-8b42-59279594fbdb_2000x.jpg?v=1581049111,75.0,Chino short
sand,AUD,"The short sleeve Knitted Camp Collar Shirt reflects our iconic silk shirt with the same styling, but is made from our new hybrid knitted fabric for comfort of linen and durability of cotton.
 - Relaxed 'camp' collar
 - Shell buttons",https://cdn.shopify.com/s/files/1/2129/8823/products/VENROY_ECOMM_MENS_SP_42_2000x.jpg?v=1581049929>>https://cdn.shopify.com/s/files/1/2129/8823/products/VENROY_ECOMM_MENS_SP_43_2000x.jpg?v=1581049929>>https://cdn.shopify.com/s/files/1/2129/8823/products/VENROY_ECOMM_MENS_SP_44_2000x.jpg?v=1581049929>>https://cdn.shopify.com/s/files/1/2129/8823/products/ECOMM_2_d1fc9715-9a6b-479b-a5ea-9a997c4c1f12_2000x.jpg?v=1581049929,140.0,Short sleeve knitted camp collar shirt
stone,AUD,"Our Chino Short is a classic summer staple, throw on a T-shirt or one of our shirts and you’ll be good to go.",https://cdn.shopify.com/s/files/1/2129/8823/products/VENROY_ECOMM_MENS_4_27_2000x.jpg?v=1590465620>>https://cdn.shopify.com/s/files/1/2129/8823/products/VENROY_ECOMM_MENS_4_28_2000x.jpg?v=1590465620>>https://cdn.shopify.com/s/files/1/2129/8823/products/VENROY_ECOMM_MENS_4_29_2000x.jpg?v=1590465620>>https://cdn.shopify.com/s/files/1/2129/8823/products/VENROY_ECOMM_MENS_4_25_2000x.jpg?v=1590465620,75.0,Chino short
navy,AUD,"Our Chino Short is a classic summer staple, throw on a T-shirt or one of our shirts and you’ll be good to go.",https://cdn.shopify.com/s/files/1/2129/8823/products/VENROY_ECOMM_MENS_H_96_2000x.jpg?v=1581049863>>https://cdn.shopify.com/s/files/1/2129/8823/products/VENROY_ECOMM_MENS_H_97_0b2c7a72-acca-4ea3-a516-c8d338ed3c8a_2000x.jpg?v=1581049863>>https://cdn.shopify.com/s/files/1/2129/8823/products/VENROY_ECOMM_MENS_H_98_bb017938-1fd9-480c-b74b-6146d2f36e94_2000x.jpg?v=1581049863>>https://cdn.shopify.com/s/files/1/2129/8823/products/VENROY_ECOMM_MENS_H_99_2000x.jpg?v=1581049863,75.0,Chino short
shell,AUD,"Introducing the Camp Collar Shirt with  long sleeves. Luxurious,  pre-shrunk, 100% Silk. A holiday treat.",https://cdn.shopify.com/s/files/1/2129/8823/products/VENROY_ECOMM_MENS_H_180_a3e7d654-725a-4148-bde3-9eff7b234220_2000x.jpg?v=1590466002>>https://cdn.shopify.com/s/files/1/2129/8823/products/VENROY_ECOMM_MENS_H_183_57c08f01-ea6c-46e0-9790-8a21c30d9554_2000x.jpg?v=1590466002>>https://cdn.shopify.com/s/files/1/2129/8823/products/VENROY_ECOMM_MENS_H_184_bab78967-ec10-4bc2-9f3e-4ddd6cc3b97f_2000x.jpg?v=1590466002>>https://cdn.shopify.com/s/files/1/2129/8823/products/VENROY_ECOMM_MENS_H_185_2000x.jpg?v=1590466002>>https://cdn.shopify.com/s/files/1/2129/8823/products/VENROY_ECOMM_MENS_H_35_3685400a-324c-4667-8538-4e1a1c8e8d71_2000x.jpg?v=1590466002>>https://cdn.shopify.com/s/files/1/2129/8823/products/VENROY_ECOMM_MENS_H_36_6f9af8da-a0ab-4c36-90ce-8f8b10f49936_2000x.jpg?v=1590466002>>https://cdn.shopify.com/s/files/1/2129/8823/products/VENROY_ECOMM_MENS_H_37_2000x.jpg?v=1590466002,240.0,Long sleeve silk shirt
light blue white trim,AUD,"The short sleeve Knitted Camp Collar Shirt reflects our iconic silk shirt with the same styling, but is made from our new hybrid knitted fabric for comfort of linen and durability of cotton.
 - Relaxed 'camp' collar
 - Shell buttons
 - Contrasting stripe and border",https://cdn.shopify.com/s/files/1/2129/8823/products/VENROY_ECOMM_MENS_HIGH_SUMMER_1_115_2000x.jpg?v=1580363447>>https://cdn.shopify.com/s/files/1/2129/8823/products/VENROY_ECOMM_MENS_HIGH_SUMMER_1_116_2000x.jpg?v=1580363447>>https://cdn.shopify.com/s/files/1/2129/8823/products/VENROY_ECOMM_MENS_HIGH_SUMMER_1_117_2000x.jpg?v=1580363447,140.0,Short sleeve knitted camp collar shirt
navy,AUD,"Introducing the Camp Collar Shirt with long sleeves. Luxurious, pre-shrunk, 100% Silk.  Spring-ready.
 - Camp collar style
 - Mother of pearl buttons",https://cdn.shopify.com/s/files/1/2129/8823/products/VENROY_ECOMM_MENS_SP_66_2000x.jpg?v=1581049937>>https://cdn.shopify.com/s/files/1/2129/8823/products/VENROY_ECOMM_MENS_SP_67_2000x.jpg?v=1581049937>>https://cdn.shopify.com/s/files/1/2129/8823/products/VENROY_ECOMM_MENS_SP_68_2000x.jpg?v=1581049937>>https://cdn.shopify.com/s/files/1/2129/8823/products/VENROY_ECOMM_MENS_SP_69_2000x.jpg?v=1581049937,270.0,Long sleeve silk camp collar shirt
navy,AUD,"Our Summer Chino is made from an incredibly lightweight cotton, much time and effort was put into sourcing the comfortable for our warm seasons.",https://cdn.shopify.com/s/files/1/2129/8823/products/VENROY_ECOMM_MENS_H_29_ccff72f0-e3a6-4a1d-b24b-b93106870b18_2000x.jpg?v=1581049865>>https://cdn.shopify.com/s/files/1/2129/8823/products/VENROY_ECOMM_MENS_H_30_3db3f541-5c50-4b50-b507-e6489d229dc0_2000x.jpg?v=1581049865>>https://cdn.shopify.com/s/files/1/2129/8823/products/VENROY_ECOMM_MENS_H_31_2000x.jpg?v=1581049865>>https://cdn.shopify.com/s/files/1/2129/8823/products/VENROY_ECOMM_MENS_H_32_5f8a687a-4f16-49a6-8b85-241a00d96a93_2000x.jpg?v=1581049865,90.0,Summer chino
light pink,AUD,"Our Pop Over Shirt is the easiest option for up top. Buttons left undone makes it the quickest to get on. Linen and summer go hand in hand, trust us when we say you'll never look back.",https://cdn.shopify.com/s/files/1/2129/8823/products/VENROY_ECOMM_MENS_HIGH_SUMMER_1_53_2000x.jpg?v=1580362560>>https://cdn.shopify.com/s/files/1/2129/8823/products/VENROY_ECOMM_MENS_HIGH_SUMMER_1_54_2000x.jpg?v=1580362560>>https://cdn.shopify.com/s/files/1/2129/8823/products/VENROY_ECOMM_MENS_HIGH_SUMMER_1_55_2000x.jpg?v=1580362561>>https://cdn.shopify.com/s/files/1/2129/8823/products/VENROY_ECOMM_MENS_HIGH_SUMMER_1_56_2000x.jpg?v=1580362561,100.0,Pop over shirt
white,AUD,"Our Pop Over Shirt is the easiest option for up top. Buttons left undone makes it the quickest to get on. Linen and summer go hand in hand, trust us when we say you'll never look back.",https://cdn.shopify.com/s/files/1/2129/8823/products/VENROY_ECOMM_MENS_H_16_9f87f6bb-69f2-4428-bd82-304ab282a2ae_2000x.jpg?v=1590465597>>https://cdn.shopify.com/s/files/1/2129/8823/products/VENROY_ECOMM_MENS_H_17_382dad8b-a2f0-4737-8cbc-4e38afbf245c_2000x.jpg?v=1590465597>>https://cdn.shopify.com/s/files/1/2129/8823/products/VENROY_ECOMM_MENS_H_18_2000x.jpg?v=1590465597>>https://cdn.shopify.com/s/files/1/2129/8823/products/MENS_E-COMM_CAMPAIGN_5_2000x.jpg?v=1590465597>>https://cdn.shopify.com/s/files/1/2129/8823/products/MENS_E-COMM_CAMPAIGN_6_2000x.jpg?v=1590465597>>https://cdn.shopify.com/s/files/1/2129/8823/products/MENS_E-COMM_CAMPAIGN_10_2000x.jpg?v=1590465597>>https://cdn.shopify.com/s/files/1/2129/8823/products/MENS_E-COMM_CAMPAIGN4_2000x.jpg?v=1590465597,100.0,Pop over shirt
stone,AUD,"Our Summer Chino is made from an incredibly lightweight cotton, much time and effort was put into sourcing the comfortable for our warm seasons.",https://cdn.shopify.com/s/files/1/2129/8823/products/VENROY_ECOMM_MENS_3_7_2000x.jpg?v=1590465586>>https://cdn.shopify.com/s/files/1/2129/8823/products/VENROY_ECOMM_MENS_3_4_2000x.jpg?v=1590465586>>https://cdn.shopify.com/s/files/1/2129/8823/products/VENROY_ECOMM_MENS_3_6_2000x.jpg?v=1590465586,90.0,Summer chino
bottle green,AUD,"Our Summer Chino in  Bottle Green is made from an incredibly lightweight cotton, we spent months sourcing this soft yet durable summer fabric and it's time to shine is upon us.",https://cdn.shopify.com/s/files/1/2129/8823/products/VENROY_MENS_HS_86_2000x.jpg?v=1581049495>>https://cdn.shopify.com/s/files/1/2129/8823/products/VENROY_MENS_HS_87_2000x.jpg?v=1581049495>>https://cdn.shopify.com/s/files/1/2129/8823/products/VENROY_MENS_HS_88_2000x.jpg?v=1581049495,90.0,Summer chino
white,AUD,"Our linen Lounge Pant in White features an elasticised waistband and cuff. Constructed from the same fabric as our popular Lounge Short, these can be worn casually or dressed up. We've been living in these and we're excited to share them with you.",https://cdn.shopify.com/s/files/1/2129/8823/products/VENROY_MENS_HS_147_2000x.jpg?v=1590465046>>https://cdn.shopify.com/s/files/1/2129/8823/products/VENROY_MENS_HS_148_2000x.jpg?v=1590465046>>https://cdn.shopify.com/s/files/1/2129/8823/products/VENROY_MENS_HS_149_2000x.jpg?v=1590465046,95.0,Lounge pant
navy,AUD,"A hybrid of tailoring and comfort, with added benefits of Terry Towel cotton.
 - Working feature button
 - YKK zip
 - straight cut leg with cuff",https://cdn.shopify.com/s/files/1/2129/8823/products/VENROY_ECOMM_MENS_W_55_2000x.jpg?v=1581049814>>https://cdn.shopify.com/s/files/1/2129/8823/products/VENROY_ECOMM_MENS_W_56_2000x.jpg?v=1581049814>>https://cdn.shopify.com/s/files/1/2129/8823/products/VENROY_ECOMM_MENS_W_57_2000x.jpg?v=1581049814>>https://cdn.shopify.com/s/files/1/2129/8823/products/VENROY_ECOMM_MENS_W_62_2000x.jpg?v=1581049814>>https://cdn.shopify.com/s/files/1/2129/8823/products/VENROY_ECOMM_MENS_W_63_2000x.jpg?v=1581049814>>https://cdn.shopify.com/s/files/1/2129/8823/products/VENROY_ECOMM_MENS_W_64_2000x.jpg?v=1581049814,100.0,Terry trouser
white,AUD,"Elegant short sleeve day dress with double pocket feature
 - mid calf hem
 - classic revere collar
 - V-neckline
 - short sleeve with structured cuff detail
 - functional tortoise buttons down body for entry
 - double functional pocket feature below waist
 - tortoise button closure on pockets
 - vertical grosgrain ribbon detail
 - down pockets
 - seamed panel lines down the body
 - triple top stitching detail feature at hem
 - ruched elastic detail at back for flattering fit",https://cdn.shopify.com/s/files/1/2129/8823/products/VENROY_ECOMM_WOMENS_W_1_17_2000x.jpg?v=1581049826>>https://cdn.shopify.com/s/files/1/2129/8823/products/VENROY_ECOMM_WOMENS_W_1_18_2000x.jpg?v=1581049826>>https://cdn.shopify.com/s/files/1/2129/8823/products/VENROY_ECOMM_WOMENS_W_1_19_2000x.jpg?v=1581049826>>https://cdn.shopify.com/s/files/1/2129/8823/products/VENROY_ECOMM_WOMENS_W_1_20_2000x.jpg?v=1581049826,180.0,Pocket shirt dress
navy,AUD,"Elegant short sleeve day dress with double pocket feature
 - Mid calf hem
 - Classic revere collar
 - V-neckline
 - Short sleeve with structured cuff detail
 - Functional tortoise buttons down body for entry
 - Double functional pocket feature below waist
 - Tortoise button closure on pockets
 - Vertical grosgrain ribbon detail
 - down pockets
 - Seamed panel lines down the body
 - Triple top stitching detail feature at hem
 - Ruched elastic detail at back for flattering fit",https://cdn.shopify.com/s/files/1/2129/8823/products/VENROY_ECOMM_WOMENS_W_1_14_2000x.jpg?v=1581049827>>https://cdn.shopify.com/s/files/1/2129/8823/products/VENROY_ECOMM_WOMENS_W_1_15_2000x.jpg?v=1581049827>>https://cdn.shopify.com/s/files/1/2129/8823/products/VENROY_ECOMM_WOMENS_W_1_16_2000x.jpg?v=1581049827>>https://cdn.shopify.com/s/files/1/2129/8823/products/WOMENS_CAMPAGN_ECOM_12_2000x.jpg?v=1581049827,180.0,Pocket shirt dress
mint,AUD,"Thick strap linen mini back cut-out detail.
 - Mini length
 - Tight fit on the body
 - Thick straight straps
 - Flattering straight-across bustline
 - Cut out feature in back
 - Ruche feature strap across back",https://cdn.shopify.com/s/files/1/2129/8823/products/VENROY_ECOMM_WOMENS_SP_100_2000x.jpg?v=1581049981>>https://cdn.shopify.com/s/files/1/2129/8823/products/VENROY_ECOMM_WOMENS_SP_101_2000x.jpg?v=1581049981>>https://cdn.shopify.com/s/files/1/2129/8823/products/VENROY_ECOMM_WOMENS_SP_102_2000x.jpg?v=1581049981,160.0,Fitted mini dress
milk,AUD,"Bonded linen mini with ruffle strap detail
 - Bonded linen fabrication for flattering fit
 - Straight across bustline
 - Mini length
 - Fitted structure
 - Ruffle detail on straps
 - Open back with functional tie back feature
 - Bra friendly",https://cdn.shopify.com/s/files/1/2129/8823/products/VENROY_ECOMM_WOMENS_W_1_34_2000x.jpg?v=1581049821>>https://cdn.shopify.com/s/files/1/2129/8823/products/VENROY_ECOMM_WOMENS_W_1_36_2000x.jpg?v=1581049821>>https://cdn.shopify.com/s/files/1/2129/8823/products/VENROY_ECOMM_WOMENS_W_1_35_2000x.jpg?v=1581049821,150.0,Tie back mini
black,AUD,"Bonded linen mini with ruffle strap detail
 - Bonded linen fabrication for flattering fit
 - Straight across bustline
 - Mini length
 - Fitted structure
 - Ruffle detail on straps
 - Open back with functional tie back feature
 - Bra friendly",https://cdn.shopify.com/s/files/1/2129/8823/products/VENROY_ECOMM_WOMENS_W_1_27_2000x.jpg?v=1584368304>>https://cdn.shopify.com/s/files/1/2129/8823/products/VENROY_ECOMM_WOMENS_W_1_30_2000x.jpg?v=1584368304>>https://cdn.shopify.com/s/files/1/2129/8823/products/VENROY_ECOMM_WOMENS_W_1_28_2000x.jpg?v=1584368304>>https://cdn.shopify.com/s/files/1/2129/8823/products/VENROY_ECOMM_WOMENS_W_1_29_2000x.jpg?v=1584368304,150.0,Tie back mini
sand marl,AUD,"The Button Front Dress offers a relaxed drape with some shape up-top. Easy to wear day-in, day-out. Working full length button up front.",https://cdn.shopify.com/s/files/1/2129/8823/products/VENROY_WOMENS_HS_28_2000x.jpg?v=1581049779>>https://cdn.shopify.com/s/files/1/2129/8823/products/VENROY_WOMENS_HS_29_2000x.jpg?v=1581049779>>https://cdn.shopify.com/s/files/1/2129/8823/products/VENROY_WOMENS_HS_30_2000x.jpg?v=1581049779,160.0,Button front dress
white,AUD,"The Button Front Dress offers a relaxed drape with some shape up-top. Easy to wear day-in, day-out. Working full length button up front.",https://cdn.shopify.com/s/files/1/2129/8823/products/VENROY_WOMENS_HS_25_2000x.jpg?v=1581049777>>https://cdn.shopify.com/s/files/1/2129/8823/products/VENROY_WOMENS_HS_26_2000x.jpg?v=1581049777>>https://cdn.shopify.com/s/files/1/2129/8823/products/VENROY_WOMENS_HS_27_2000x.jpg?v=1581049777>>https://cdn.shopify.com/s/files/1/2129/8823/products/W2_ECOMM_CAMPAIGN_8_copy_2000x.jpg?v=1581049777>>https://cdn.shopify.com/s/files/1/2129/8823/products/W2_ECOMM_CAMPAIGN_20_copy_2000x.jpg?v=1581049777,160.0,Button front dress
sky,AUD,"Bonded linen mini with ruffle strap detail
 - Bonded linen fabrication for flattering fit
 - Straight across bustline
 - Mini length
 - Fitted structure
 - Ruffle detail on straps
 - Open back with functional tie back feature
 - Bra friendly",https://cdn.shopify.com/s/files/1/2129/8823/products/VENROY_ECOMM_WOMENS_W_1_32_2000x.jpg?v=1581049823>>https://cdn.shopify.com/s/files/1/2129/8823/products/VENROY_ECOMM_WOMENS_W_1_33_2000x.jpg?v=1581049823>>https://cdn.shopify.com/s/files/1/2129/8823/products/VENROY_ECOMM_WOMENS_W_1_31_2000x.jpg?v=1581049823,150.0,Tie back mini
white,AUD,"Our Women’s  Fitted Front Split is your new favourite. An evolution of our Side Split Dress, this offers more structure and shape with a modern  slit in the front  for  relaxed movement.",https://cdn.shopify.com/s/files/1/2129/8823/products/VENROY_ECOMM_WOMENS_2_17_2000x.jpg?v=1581049639>>https://cdn.shopify.com/s/files/1/2129/8823/products/VENROY_ECOMM_WOMENS_2_18_2000x.jpg?v=1581049639,170.0,Fitted front split dress
mustard,AUD,"Relaxed linen mini with foldover panel feature
 - Straight across neckline
 - Adjustable spaghetti straps
 - Foldover panel feature across bust
 - Relaxed fit on the body
 - Keyhole at centre back with linen cord tie closure
 - Raw hemline finish",https://cdn.shopify.com/s/files/1/2129/8823/products/VENROY_ECOMM_WOMENS_1_56_2000x.jpg?v=1581049644>>https://cdn.shopify.com/s/files/1/2129/8823/products/VENROY_ECOMM_WOMENS_1_58_2000x.jpg?v=1581049644>>https://cdn.shopify.com/s/files/1/2129/8823/products/VENROY_ECOMM_WOMENS_1_57_2000x.jpg?v=1581049644>>https://cdn.shopify.com/s/files/1/2129/8823/products/W_ECOMM_CAMPAIGN_21_copy_2000x.jpg?v=1581049644,110.0,Fold over mini dress
sand marl,AUD,"Relaxed linen mini with foldover panel feature
 - Straight across neckline
 - Adjustable spaghetti straps
 - Foldover panel feature across bust
 - Relaxed fit on the body
 - Keyhole at centre back with linen cord tie closure
 - Raw hemline finish",https://cdn.shopify.com/s/files/1/2129/8823/products/VENROY_ECOMM_WOMENS_1_53_2000x.jpg?v=1590465678>>https://cdn.shopify.com/s/files/1/2129/8823/products/VENROY_ECOMM_WOMENS_1_55_2000x.jpg?v=1590465678>>https://cdn.shopify.com/s/files/1/2129/8823/products/VENROY_ECOMM_WOMENS_1_54_2000x.jpg?v=1590465678,110.0,Fold over mini dress
yellow,AUD,"The Fold Over Mini Dress is a simple slip style with flattering fold over fabric across chest, and neat tie cords at centre back.",https://cdn.shopify.com/s/files/1/2129/8823/products/S42-T22-Yellow-18347-Venroy-0465_13425677-22df-40b8-99f6-c739f9dde813_2000x.jpg?v=1537250147>>https://cdn.shopify.com/s/files/1/2129/8823/products/S42-T22-Yellow-18347-Venroy-0469_1de538fb-25a5-47a2-91a2-c41152410f80_2000x.jpg?v=1537250147>>https://cdn.shopify.com/s/files/1/2129/8823/products/S33-T22-18347-Venroy-0097_2000x.jpg?v=1537250147,110.0,Fold over mini dress
light blue,AUD,"The Fold Over Mini Dress is a simple slip style with flattering fold over fabric across chest, and neat tie cords at centre back.",https://cdn.shopify.com/s/files/1/2129/8823/products/S40-T23-BabyBlue-18347-Venroy-0460_2000x.jpg?v=1581049508>>https://cdn.shopify.com/s/files/1/2129/8823/products/S40-T23-BabyBlue-18347-Venroy-0464_2000x.jpg?v=1581049508>>https://cdn.shopify.com/s/files/1/2129/8823/products/S35-T23-18347-Venroy-0100_2000x.jpg?v=1581049508,110.0,Fold over mini dress
rust,AUD,"Classic mini in knitted loose weave fabrication
 - Thick straps
 - Rounded neckline
 - Mini length
 - Fabricated in breathable loose weave knitted linen",https://cdn.shopify.com/s/files/1/2129/8823/products/VENROY_ECOMM_WOMENS_2_43_2000x.jpg?v=1590465689>>https://cdn.shopify.com/s/files/1/2129/8823/products/VENROY_ECOMM_WOMENS_2_44_2000x.jpg?v=1590465689>>https://cdn.shopify.com/s/files/1/2129/8823/products/W_ECOMM_CAMPAIGN_13_copy_2000x.jpg?v=1590465689,120.0,Knitted mini dress
white,AUD,"Relaxed linen mini with foldover panel feature
 - Straight across neckline
 - Adjustable spaghetti straps
 - Foldover panel feature across bust
 - Relaxed fit on the body
 - Keyhole at centre back with linen cord tie closure
 - Raw hemline finish",https://cdn.shopify.com/s/files/1/2129/8823/products/VENROY_ECOMM_WOMENS_1_66_1a391a93-da4c-46df-a67d-c09284b492a0_2000x.jpg?v=1580426578>>https://cdn.shopify.com/s/files/1/2129/8823/products/VENROY_ECOMM_WOMENS_1_67_670c37ad-8ef1-4021-a8df-b02803f63c30_2000x.jpg?v=1580426578>>https://cdn.shopify.com/s/files/1/2129/8823/products/VENROY_ECOMM_WOMENS_1_68_d6e66838-fc51-4ba5-9e12-0653ef5c174b_2000x.jpg?v=1580426578>>https://cdn.shopify.com/s/files/1/2129/8823/products/VENROY_ECOMM_WOMENS_1_70_9cae3835-3a00-424e-b21b-d24410b8be5c_2000x.jpg?v=1580426578>>https://cdn.shopify.com/s/files/1/2129/8823/products/VENROY_ECOMM_WOMENS_1_69_8c3155d8-3a25-4956-ab81-59327781fdcc_2000x.jpg?v=1580426578,110.0,Fold over mini dress
ivory,AUD,"Classic mini in knitted loose weave fabrication
 - Thick straps
 - Rounded neckline
 - Mini length
 - Fabricated in breathable loose weave knitted linen",https://cdn.shopify.com/s/files/1/2129/8823/products/Ivory_Knitted_Dress_-_Front_2000x.jpg?v=1590465688>>https://cdn.shopify.com/s/files/1/2129/8823/products/Ivory_Knitted_Dress_-_Back_2000x.jpg?v=1590465688,120.0,Knitted mini dress
taupe,AUD,"Classic mini in knitted loose weave fabrication
 - Thick straps
 - Rounded neckline
 - Mini length
 - Fabricated in breathable loose weave knitted linen",https://cdn.shopify.com/s/files/1/2129/8823/products/VENROY_ECOMM_WOMENS_2_45_2000x.jpg?v=1590465691>>https://cdn.shopify.com/s/files/1/2129/8823/products/VENROY_ECOMM_WOMENS_2_46_2000x.jpg?v=1590465691,120.0,Knitted mini dress
white,AUD,"Relaxed linen midi with foldover panel feature
 - Straight across neckline
 - Adjustable spaghetti straps
 - Foldover panel feature across bust
 - Relaxed fit on the body
 - Side split feature in skirt
 - Invisible zipper in centre back for closure
 - Raw hemline finish",https://cdn.shopify.com/s/files/1/2129/8823/products/VENROY_ECOMM_WOMENS_1_54_ff7d2206-c8e9-4b02-a18f-9e19b04ab5b6_2000x.jpg?v=1580426889>>https://cdn.shopify.com/s/files/1/2129/8823/products/VENROY_ECOMM_WOMENS_1_55_9064652e-1bae-413f-8a8a-f3a7b33c89f5_2000x.jpg?v=1580426889>>https://cdn.shopify.com/s/files/1/2129/8823/products/VENROY_ECOMM_WOMENS_1_57_d6c8e5bf-76ca-4ea3-819a-ca60409c09e1_2000x.jpg?v=1580426889>>https://cdn.shopify.com/s/files/1/2129/8823/products/VENROY_ECOMM_WOMENS_1_56_c338c2fe-f1d7-4bd3-833a-1bb1c1f8b418_2000x.jpg?v=1580426889>>https://cdn.shopify.com/s/files/1/2129/8823/products/VENROY_ECOMM_WOMENS_1_57_b3636b58-83cb-40ea-b0c6-1805d3c6e8b8_2000x.jpg?v=1580426916>>https://cdn.shopify.com/s/files/1/2129/8823/products/VENROY_ECOMM_WOMENS_1_56_299dcd84-9aaa-4a0f-919d-f73b252d434d_2000x.jpg?v=1580426916>>https://cdn.shopify.com/s/files/1/2129/8823/products/VENROY_ECOMM_WOMENS_1_55_7d5e7cdf-9377-4f4b-a7a5-c0d32e62b0bb_2000x.jpg?v=1580426916>>https://cdn.shopify.com/s/files/1/2129/8823/products/VENROY_ECOMM_WOMENS_1_54_0a284748-c7e7-4df0-a6ed-8f075527896b_2000x.jpg?v=1580426916,130.0,Fold over side split dress
sand marl,AUD,"Meet the new summer statement. Hot days &amp; nights require a cool head &amp; shoulder. Lounge around in this stylish, lightweight linen option unique to Venroy.",https://cdn.shopify.com/s/files/1/2129/8823/products/VENROY_ECOMM_WOMENS_2_72_2000x.jpg?v=1590465699>>https://cdn.shopify.com/s/files/1/2129/8823/products/VENROY_ECOMM_WOMENS_2_73_2000x.jpg?v=1590465699,140.0,One shoulder dress
mustard,AUD,"Meet the new summer statement. Hot days &amp; nights require a cool head &amp; shoulder. Lounge around in this stylish, lightweight linen option unique to Venroy.",https://cdn.shopify.com/s/files/1/2129/8823/products/VENROY_ECOMM_WOMENS_2_70_2000x.jpg?v=1590465702>>https://cdn.shopify.com/s/files/1/2129/8823/products/VENROY_ECOMM_WOMENS_2_71_2000x.jpg?v=1590465702,140.0,One shoulder dress
light pink,AUD,Our Terry Towel Mini Dress is a simple slip-on piece in practical cotton. Fitted around the bust with a slight A-Line shape.,https://cdn.shopify.com/s/files/1/2129/8823/products/S34-T26-Pink-18347-Venroy-0417_2607cfb3-532e-45e5-ad80-58ad34f55a05_2000x.jpg?v=1590465509>>https://cdn.shopify.com/s/files/1/2129/8823/products/S34-T26-Pink-18347-Venroy-0419_9dbc455b-c43e-473b-9aa2-4141f8e6dcef_2000x.jpg?v=1590465509>>https://cdn.shopify.com/s/files/1/2129/8823/products/S37-T26-18347-Venroy-0112_2000x.jpg?v=1590465509,90.0,Terry towel mini dress
white,AUD,Our Terry Towel Mini Dress is a simple slip-on piece in practical cotton. Fitted around the bust with a slight A-Line shape.,https://cdn.shopify.com/s/files/1/2129/8823/products/VENROY_ECOMM_WOMENS_2_49_2000x.jpg?v=1581049658>>https://cdn.shopify.com/s/files/1/2129/8823/products/VENROY_ECOMM_WOMENS_2_50_2000x.jpg?v=1581049658,90.0,Terry towel mini dress
tobacco,AUD,"Classic linen mini with lace up feature in the back
 - Straight across neckline
 - Adjustable spaghetti straps
 - Mini length
 - Matching lace up detail in the back finished with signature copper hardware",https://cdn.shopify.com/s/files/1/2129/8823/products/VENROY_WOMENS_HS_31_2000x.jpg?v=1590465878>>https://cdn.shopify.com/s/files/1/2129/8823/products/VENROY_WOMENS_HS_33_2000x.jpg?v=1590465878>>https://cdn.shopify.com/s/files/1/2129/8823/products/VENROY_WOMENS_HS_32_2000x.jpg?v=1590465878,100.0,Lace up dress
musk,AUD,"High neck linen mini with lace up back
 - High square neck with adjustable straps
 - Fully lined body
 - Low back with lace up finish
 - Raw hemline
 - Mini length",https://cdn.shopify.com/s/files/1/2129/8823/products/VENROY_ECOMM_WOMENS_H_1_1114_2000x.jpg?v=1581049892>>https://cdn.shopify.com/s/files/1/2129/8823/products/VENROY_ECOMM_WOMENS_H_1_1115_2000x.jpg?v=1581049892>>https://cdn.shopify.com/s/files/1/2129/8823/products/VENROY_ECOMM_WOMENS_H_1_1116_2000x.jpg?v=1581049892,140.0,Square neck mini
shell,AUD,"Our Women’s  Bias  Dress has a unique drape and shapes the body delicately. Stylish and feminine  in our silk blend, ready for day or night.",https://cdn.shopify.com/s/files/1/2129/8823/products/VENROY_ECOMM_WOMENS_1_71_9f5201af-08f6-4c4c-a90c-01d5bcacd920_2000x.jpg?v=1580454628>>https://cdn.shopify.com/s/files/1/2129/8823/products/VENROY_ECOMM_WOMENS_1_72_43afa161-1684-4048-a5cb-c27bdf87a368_2000x.jpg?v=1580454628>>https://cdn.shopify.com/s/files/1/2129/8823/products/VENROY_ECOMM_WOMENS_1_73_440b6187-abd6-4218-a56a-cf9e412834ba_2000x.jpg?v=1580454628,180.0,Silk bias dress
rust,AUD,"Our Women’s  Bias  Dress has a unique drape and shapes the body delicately. Stylish and feminine  in our silk blend, ready for day or night.",https://cdn.shopify.com/s/files/1/2129/8823/products/VENROY_ECOMM_WOMENS_2_39_2000x.jpg?v=1581049796>>https://cdn.shopify.com/s/files/1/2129/8823/products/VENROY_ECOMM_WOMENS_2_40_2000x.jpg?v=1581049796,180.0,Silk bias dress
cornflower blue,AUD,"High neck linen mini with lace up back
 - High square neck with adjustable straps
 - Fully lined body
 - Low back with lace up finish
 - Raw hemline
 - Mini length",https://cdn.shopify.com/s/files/1/2129/8823/products/VENROY_ECOMM_WOMENS_H_1_1117_2000x.jpg?v=1581049893>>https://cdn.shopify.com/s/files/1/2129/8823/products/VENROY_ECOMM_WOMENS_H_1_1118_2000x.jpg?v=1581049893>>https://cdn.shopify.com/s/files/1/2129/8823/products/VENROY_ECOMM_WOMENS_H_1_1119_2000x.jpg?v=1581049893,140.0,Square neck mini
white,AUD,"High neck linen mini with lace up back
 - High square neck with adjustable straps
 - Fully lined body
 - Low back with lace up finish
 - Raw hemline
 - Mini length",https://cdn.shopify.com/s/files/1/2129/8823/products/VENROY_ECOMM_WOMENS_H_1_1111_2000x.jpg?v=1581049891>>https://cdn.shopify.com/s/files/1/2129/8823/products/VENROY_ECOMM_WOMENS_H_1_1112_2000x.jpg?v=1581049891>>https://cdn.shopify.com/s/files/1/2129/8823/products/VENROY_ECOMM_WOMENS_H_1_1113_2000x.jpg?v=1581049891,140.0,Square neck mini
black,AUD,"Fully lined Summer dress with ruched strap detail and functional tie front feature
 - Elasticised straps with ruching detail
 - Keyhole feature underbust with functional tie front
 - Leg split detail on front left
 - Ruching feature in centre back
 - Triple panel detailing down the body for a flattering fit
 - Fully lined body
 - Invisible side zipper for entry",https://cdn.shopify.com/s/files/1/2129/8823/products/VENROY_ECOMM_WOMENS_H_3_33_2000x.jpg?v=1582553942>>https://cdn.shopify.com/s/files/1/2129/8823/products/VENROY_ECOMM_WOMENS_H_3_34_2000x.jpg?v=1582553942>>https://cdn.shopify.com/s/files/1/2129/8823/products/VENROY_ECOMM_WOMENS_H_3_36_2000x.jpg?v=1582553942,170.0,Tie front dress
white,AUD,"Fully lined Summer dress with ruched strap detail and functional tie front feature
 - Elasticised straps with ruching detail
 - Keyhole feature underbust with functional tie front
 - Leg split detail on front left
 - Ruching feature in centre back
 - Triple panel detailing down the body for a flattering fit
 - Fully lined body
 - Invisible side zipper for entry",https://cdn.shopify.com/s/files/1/2129/8823/products/VENROY_ECOMM_WOMENS_H_3_61_2000x.jpg?v=1581049894>>https://cdn.shopify.com/s/files/1/2129/8823/products/VENROY_ECOMM_WOMENS_H_3_62_2000x.jpg?v=1581049894>>https://cdn.shopify.com/s/files/1/2129/8823/products/VENROY_ECOMM_WOMENS_H_3_63_2000x.jpg?v=1581049894,170.0,Tie front dress
white,AUD,"Off shoulder summer dress with adjustable rouleau shoulder ties
 - Elasticised off shoulder neckline with ruffle detail
 - Off shoulder mini sleeves
 - Adjustable rouleau straps
 - Knee length hem
 - Relaxed flowy fit on the body
 - Raw hemline with triple top stitching detail to prevent fraying",https://cdn.shopify.com/s/files/1/2129/8823/products/VENROY_ECOMM_WOMENS_H_3_21_2000x.jpg?v=1581049897>>https://cdn.shopify.com/s/files/1/2129/8823/products/VENROY_ECOMM_WOMENS_H_3_22_2000x.jpg?v=1581049897>>https://cdn.shopify.com/s/files/1/2129/8823/products/VENROY_ECOMM_WOMENS_H_3_23_2000x.jpg?v=1581049897>>https://cdn.shopify.com/s/files/1/2129/8823/products/VENROY_ECOMM_WOMENS_H_3_24_2000x.jpg?v=1581049898>>https://cdn.shopify.com/s/files/1/2129/8823/products/VENROY_ECOMM_WOMENS_H_3_25_2000x.jpg?v=1581049898>>https://cdn.shopify.com/s/files/1/2129/8823/products/VENROY_ECOMM_WOMENS_H_3_26_2000x.jpg?v=1581049898>>https://cdn.shopify.com/s/files/1/2129/8823/products/WOMENS_E-COMM_CAMPAIGN_6_2000x.jpg?v=1581049898,130.0,Tie shoulder mini dress
holiday stripe,AUD,"Off shoulder summer dress with adjustable rouleau shoulder ties
 - Elasticised off shoulder neckline with ruffle detail
 - Off shoulder mini sleeves
 - Adjustable rouleau straps
 - Knee length hem
 - Relaxed flowy fit on the body
 - Raw hemline with triple top stitching detail to prevent fraying",https://cdn.shopify.com/s/files/1/2129/8823/products/VENROY_ECOMM_WOMENS_H_3_27_2000x.jpg?v=1581049900>>https://cdn.shopify.com/s/files/1/2129/8823/products/VENROY_ECOMM_WOMENS_H_3_28_2000x.jpg?v=1581049900>>https://cdn.shopify.com/s/files/1/2129/8823/products/VENROY_ECOMM_WOMENS_H_3_29_2000x.jpg?v=1581049900>>https://cdn.shopify.com/s/files/1/2129/8823/products/VENROY_ECOMM_WOMENS_H_3_30_2000x.jpg?v=1581049900>>https://cdn.shopify.com/s/files/1/2129/8823/products/VENROY_ECOMM_WOMENS_H_3_31_2000x.jpg?v=1581049900>>https://cdn.shopify.com/s/files/1/2129/8823/products/VENROY_ECOMM_WOMENS_H_3_32_2000x.jpg?v=1581049900,140.0,Tie shoulder mini dress
ocean blue,AUD,"Off shoulder summer dress with adjustable rouleau shoulder ties
 - Elasticised off shoulder neckline with ruffle detail
 - Off shoulder mini sleeves
 - Adjustable rouleau straps
 - Knee length hem
 - Relaxed flowy fit on the body
 - Raw hemline with triple top stitching detail to prevent fraying",https://cdn.shopify.com/s/files/1/2129/8823/products/VENROY_ECOMM_WOMENS_H_3_1_2000x.jpg?v=1581049899>>https://cdn.shopify.com/s/files/1/2129/8823/products/VENROY_ECOMM_WOMENS_H_3_2_2000x.jpg?v=1581049899>>https://cdn.shopify.com/s/files/1/2129/8823/products/VENROY_ECOMM_WOMENS_H_3_3_2000x.jpg?v=1581049899>>https://cdn.shopify.com/s/files/1/2129/8823/products/VENROY_ECOMM_WOMENS_H_3_4_2000x.jpg?v=1581049899>>https://cdn.shopify.com/s/files/1/2129/8823/products/VENROY_ECOMM_WOMENS_H_3_5_2000x.jpg?v=1581049899>>https://cdn.shopify.com/s/files/1/2129/8823/products/VENROY_ECOMM_WOMENS_H_3_6_2000x.jpg?v=1581049899>>https://cdn.shopify.com/s/files/1/2129/8823/products/VENROY_ECOMM_WOMENS_H_3_7_2000x.jpg?v=1581049899,130.0,Tie shoulder mini dress
white,AUD,"Off shoulder floor length summer dress with adjustable rouleau shoulder ties
 - Elasticised off shoulder neckline with ruffle detail
 - Off shoulder mini sleeves
 - Adjustable rouleau straps
 - Full length hem
 - Side split feature on right and left
 - Relaxed flowy fit on the body
 - Raw hemline with triple top stitching detail to prevent fraying",https://cdn.shopify.com/s/files/1/2129/8823/products/VENROY_ECOMM_WOMENS_H_3_8_2000x.jpg?v=1590466063>>https://cdn.shopify.com/s/files/1/2129/8823/products/VENROY_ECOMM_WOMENS_H_3_9_2000x.jpg?v=1590466063>>https://cdn.shopify.com/s/files/1/2129/8823/products/VENROY_ECOMM_WOMENS_H_3_10_2000x.jpg?v=1590466063>>https://cdn.shopify.com/s/files/1/2129/8823/products/VENROY_ECOMM_WOMENS_H_3_12_2000x.jpg?v=1590466063>>https://cdn.shopify.com/s/files/1/2129/8823/products/VENROY_ECOMM_WOMENS_H_3_13_2000x.jpg?v=1590466063>>https://cdn.shopify.com/s/files/1/2129/8823/products/VENROY_ECOMM_WOMENS_H_3_14_2000x.jpg?v=1590466063>>https://cdn.shopify.com/s/files/1/2129/8823/products/VENROY_ECOMM_CAMPAIGN_26_2000x.jpg?v=1590466063>>https://cdn.shopify.com/s/files/1/2129/8823/products/VENROY_ECOMM_CAMPAIGN_25_2000x.jpg?v=1590466063>>https://cdn.shopify.com/s/files/1/2129/8823/products/VENROY_ECOMM_CAMPAIGN_24_2000x.jpg?v=1590466063,160.0,Strapless maxi dress
cornflower blue,AUD,"Off shoulder floor length summer dress with adjustable rouleau shoulder ties
 - Elasticised off shoulder neckline with ruffle detail
 - Off shoulder mini sleeves
 - Adjustable rouleau straps
 - Full length hem
 - Side split feature on right and left
 - Relaxed flowy fit on the body
 - Raw hemline with triple top stitching detail to prevent fraying",https://cdn.shopify.com/s/files/1/2129/8823/products/VENROY_ECOMM_WOMENS_H_3_15_2000x.jpg?v=1590466064>>https://cdn.shopify.com/s/files/1/2129/8823/products/VENROY_ECOMM_WOMENS_H_3_16_2000x.jpg?v=1590466064>>https://cdn.shopify.com/s/files/1/2129/8823/products/VENROY_ECOMM_WOMENS_H_3_17_2000x.jpg?v=1590466064>>https://cdn.shopify.com/s/files/1/2129/8823/products/VENROY_ECOMM_WOMENS_H_3_19_2000x.jpg?v=1590466064>>https://cdn.shopify.com/s/files/1/2129/8823/products/WOMENS_E-COMM_CAMPAIGN_2000x.jpg?v=1590466064>>https://cdn.shopify.com/s/files/1/2129/8823/products/WOMENS_E-COMM_CAMPAIGN_1_2000x.jpg?v=1590466064>>https://cdn.shopify.com/s/files/1/2129/8823/products/WOMENS_E-COMM_CAMPAIGN_2_2000x.jpg?v=1590466064,160.0,Strapless maxi dress
navy,AUD,"Cotton twill full length dress with contrast stitch detail.
 - Contrast cream grosgrain straps
 - Elasticated neckline with paper bag finish
 - Adjustable waist with contrast grosgrain drawstring
 - Functional side pockets with contrast topstitch detail
 - Relaxed oversized fit on the body
 - Full length hem",https://cdn.shopify.com/s/files/1/2129/8823/products/VENROY_ECOMM_WOMENS_SP_112_2000x.jpg?v=1581049983>>https://cdn.shopify.com/s/files/1/2129/8823/products/VENROY_ECOMM_WOMENS_SP_113_2000x.jpg?v=1581049983>>https://cdn.shopify.com/s/files/1/2129/8823/products/VENROY_ECOMM_WOMENS_SP_114_2000x.jpg?v=1581049983>>https://cdn.shopify.com/s/files/1/2129/8823/products/VENROY_ECOMM_WOMENS_SP_117_2000x.jpg?v=1581049983>>https://cdn.shopify.com/s/files/1/2129/8823/products/VENROY_ECOMM_WOMENS_SP_118_2000x.jpg?v=1581049983>>https://cdn.shopify.com/s/files/1/2129/8823/products/VENROY_ECOMM_WOMENS_SP_119_2000x.jpg?v=1581049983,220.0,Side pocket maxi
blush,AUD,"Blush linen long sleeve wrap dress
 - Midi length
 - Adjustable functional wrap
 - Internal tie feature for security
 - Deep V neckline
 - Extra long sleeve with relaxed fit
 - Exaggerated cuffs with button finish
 - Belt loop detail in the back",https://cdn.shopify.com/s/files/1/2129/8823/products/VENROY_ECOMM_WOMENS_SP_131_2000x.jpg?v=1590466158>>https://cdn.shopify.com/s/files/1/2129/8823/products/VENROY_ECOMM_WOMENS_SP_132_2000x.jpg?v=1590466158>>https://cdn.shopify.com/s/files/1/2129/8823/products/VENROY_ECOMM_WOMENS_SP_133_2000x.jpg?v=1590466158>>https://cdn.shopify.com/s/files/1/2129/8823/products/VENROY_ECOMM_WOMENS_SP_134_2000x.jpg?v=1590466158,250.0,Long sleeve robe dress
black,AUD,"Long sleeved bonded linen mini with cut out detail under bust.
 - Bonded linen fabrication
 - Mini length
 - Cut out feature under bust
 - Slightly exaggerated shoulders
 - Long sleeves with straight fit
 - Straight and slightly fitted on the body
 - Panel lines down the body for flattering fit
 - Flattering straight-across bustline
 - Invisible centre back zipper for entry",https://cdn.shopify.com/s/files/1/2129/8823/products/VENROY_ECOMM_WOMENS_SP_106_2000x.jpg?v=1581049986>>https://cdn.shopify.com/s/files/1/2129/8823/products/VENROY_ECOMM_WOMENS_SP_107_2000x.jpg?v=1581049986>>https://cdn.shopify.com/s/files/1/2129/8823/products/VENROY_ECOMM_WOMENS_SP_108_2000x.jpg?v=1581049986,220.0,Linen sleeved dress
marine blue,AUD,"Signature linen bias mini dress with binding finish
 - Relaxed neckline with binding finish
 - Adjustable spaghetti straps
 - Cut on the bias for a flattering fit which skims the body
 - Mini length
 - Raw hemline with single stitch finish",https://cdn.shopify.com/s/files/1/2129/8823/products/VENROY_WOMENS_HS_13_2000x.jpg?v=1590465873>>https://cdn.shopify.com/s/files/1/2129/8823/products/VENROY_WOMENS_HS_14_2000x.jpg?v=1590465873>>https://cdn.shopify.com/s/files/1/2129/8823/products/VENROY_WOMENS_HS_15_2000x.jpg?v=1590465873,110.0,Mini bias dress
taupe,AUD,"Fully fashioned linen rib knit long sleeve dress
 - Midi length
 - High crew neckline
 - Contrast trim on neckline
 - Fitted on the body
 - Long sleeves with slight bell finish
 - Contrast line detail on sleeve and hemline",https://cdn.shopify.com/s/files/1/2129/8823/products/VENROY_ECOMM_WOMENS_SP_91_2000x.jpg?v=1590466174>>https://cdn.shopify.com/s/files/1/2129/8823/products/VENROY_ECOMM_WOMENS_SP_92_2000x.jpg?v=1590466174>>https://cdn.shopify.com/s/files/1/2129/8823/products/VENROY_ECOMM_WOMENS_SP_93_2000x.jpg?v=1590466174,220.0,Long sleeve knit dress
black,AUD,"Signature linen bias mini dress with binding finish
 - Relaxed neckline with binding finish
 - Adjustable spaghetti straps
 - Cut on the bias for a flattering fit which skims the body
 - Mini length
 - Raw hemline with single stitch finish",https://cdn.shopify.com/s/files/1/2129/8823/products/VENROY_WOMENS_HS_19_2000x.jpg?v=1590465872>>https://cdn.shopify.com/s/files/1/2129/8823/products/VENROY_WOMENS_HS_20_2000x.jpg?v=1590465872>>https://cdn.shopify.com/s/files/1/2129/8823/products/VENROY_WOMENS_HS_21_2000x.jpg?v=1590465872,110.0,Mini bias dress
sand marl,AUD,"Signature linen bias mini dress with binding finish
 - Relaxed neckline with binding finish
 - Adjustable spaghetti straps
 - Cut on the bias for a flattering fit which skims the body
 - Mini length
 - Raw hemline with single stitch finish",https://cdn.shopify.com/s/files/1/2129/8823/products/VENROY_WOMENS_HS_228_d755977b-8a5c-4530-8cc7-af25cd0c2896_2000x.jpg?v=1581050005>>https://cdn.shopify.com/s/files/1/2129/8823/products/VENROY_WOMENS_HS_227_23d02a68-99fa-42fc-a9da-872c78b888eb_2000x.jpg?v=1581050005>>https://cdn.shopify.com/s/files/1/2129/8823/products/VENROY_WOMENS_HS_229_95670dab-7f66-4caa-b36f-3a58c03146c8_2000x.jpg?v=1581050005,110.0,Mini bias dress
white,AUD,"Signature linen bias mini dress with binding finish
 - Relaxed neckline with binding finish
 - Adjustable spaghetti straps
 - Cut on the bias for a flattering fit which skims the body
 - Mini length
 - Raw hemline with single stitch finish",https://cdn.shopify.com/s/files/1/2129/8823/products/VENROY_WOMENS_HS_10_2000x.jpg?v=1590465871>>https://cdn.shopify.com/s/files/1/2129/8823/products/VENROY_WOMENS_HS_11_2000x.jpg?v=1590465871>>https://cdn.shopify.com/s/files/1/2129/8823/products/VENROY_WOMENS_HS_12_2000x.jpg?v=1590465871>>https://cdn.shopify.com/s/files/1/2129/8823/products/W2_ECOMM_CAMPAIGN_18_copy_2000x.jpg?v=1590465871,110.0,Mini bias dress
white beige stripe,AUD,"Linen popover mini with contrast stripe feature
 - V neckline 
 - Short  trapeze style sleeve
 - Functional front pockets with contrast grosgrain stripe detail
 - Contrast grosgrain
 - stripe feature down sleeve
 - Mini length
 - Boxy fit
 - Perfect beach companion",https://cdn.shopify.com/s/files/1/2129/8823/products/VENROY_ECOMM_WOMENS_SUMMER_1_46_2000x.jpg?v=1574644438>>https://cdn.shopify.com/s/files/1/2129/8823/products/VENROY_ECOMM_WOMENS_SUMMER_1_47_2000x.jpg?v=1574644438>>https://cdn.shopify.com/s/files/1/2129/8823/products/VENROY_ECOMM_WOMENS_SUMMER_1_48_2000x.jpg?v=1574644438,150.0,Linen pop over dress
navy,AUD,"Linen bias dress with delicate front tie feature
 - V neckline with binding finish
 - Centre front keyhole feature with matching linen tie
 - Cut on the bias for a flattering fit which skims the body
 - Adjustable spaghetti straps
 - Midi length
 - Triangle front hemline feature
 - Diagonal panel feature for A line skirt fit
 - Raw hemline with single stitch finish to prevent fraying",https://cdn.shopify.com/s/files/1/2129/8823/products/VENROY_ECOMM_WOMENS_SUMMER_1_112_2000x.jpg?v=1574648008>>https://cdn.shopify.com/s/files/1/2129/8823/products/VENROY_ECOMM_WOMENS_SUMMER_1_113_2000x.jpg?v=1574648008>>https://cdn.shopify.com/s/files/1/2129/8823/products/VENROY_ECOMM_WOMENS_SUMMER_1_114_2000x.jpg?v=1574648008,160.0,Bias tie front dress
white,AUD,"Linen bias dress with delicate front tie feature
 - V neckline with binding finish
 - Centre front keyhole feature with matching linen tie
 - Cut on the bias for a flattering fit which skims the body
 - Adjustable spaghetti straps
 - Midi length
 - Triangle front hemline feature
 - Diagonal panel feature for A line skirt fit
 - Raw hemline with single stitch finish to prevent fraying",https://cdn.shopify.com/s/files/1/2129/8823/products/VENROY_ECOMM_WOMENS_SUMMER_1_109_2000x.jpg?v=1574648051>>https://cdn.shopify.com/s/files/1/2129/8823/products/VENROY_ECOMM_WOMENS_SUMMER_1_110_2000x.jpg?v=1574648051>>https://cdn.shopify.com/s/files/1/2129/8823/products/VENROY_ECOMM_WOMENS_SUMMER_1_111_2000x.jpg?v=1574648051,160.0,Bias tie front dress
multi stripe,AUD,"Asymmetrical linen bias dress with shoulder tie
 - Adjustable
 - tie shoulder
 - Cut on the bias for a flattering fit which skims the body
 - A line skirt shape
 - Midi length
 - Lined in self for extra structure
 - Raw triangle
 - hemline with single stitch finish to prevent fraying",https://cdn.shopify.com/s/files/1/2129/8823/products/VENROY_ECOMM_WOMENS_SUMMER_2_4_2000x.jpg?v=1574992549>>https://cdn.shopify.com/s/files/1/2129/8823/products/VENROY_ECOMM_WOMENS_SUMMER_2_5_2000x.jpg?v=1574992549>>https://cdn.shopify.com/s/files/1/2129/8823/products/VENROY_ECOMM_WOMENS_SUMMER_2_6_2000x.jpg?v=1574992549,180.0,One shoulder tie dress
dusty blue,AUD,"Relaxed fit mini with adjustable drawcord ruching across the bust
 - Adjustable spaghetti straps
 - Drawcord under bust and across neckline for adjustable ruching
 - Open back feature with double tie closure
 - Mini length
 - Relaxed fit on the body
 - Fully lined in cotton",https://cdn.shopify.com/s/files/1/2129/8823/products/VENROY_ECOMM_WOMENS_SUMMER_1_31_2000x.jpg?v=1574644725>>https://cdn.shopify.com/s/files/1/2129/8823/products/VENROY_ECOMM_WOMENS_SUMMER_1_32_2000x.jpg?v=1574644725>>https://cdn.shopify.com/s/files/1/2129/8823/products/VENROY_ECOMM_WOMENS_SUMMER_1_33_2000x.jpg?v=1574644725,160.0,Gathered lounge dress
sand beige stripe,AUD,"Linen popover mini with contrast stripe feature
 - V neckline 
 - Short  trapeze style sleeve
 - Functional front pockets with contrast grosgrain stripe detail
 - Contrast grosgrain stripe feature down sleeve
 - Mini length
 - Boxy fit
 - Perfect beach companion",https://cdn.shopify.com/s/files/1/2129/8823/products/VENROY_ECOMM_WOMENS_SUMMER_1_43_2000x.jpg?v=1574644483>>https://cdn.shopify.com/s/files/1/2129/8823/products/VENROY_ECOMM_WOMENS_SUMMER_1_44_2000x.jpg?v=1574644483>>https://cdn.shopify.com/s/files/1/2129/8823/products/VENROY_ECOMM_WOMENS_SUMMER_1_45_2000x.jpg?v=1574644483>>https://cdn.shopify.com/s/files/1/2129/8823/products/VENROY_ECOMM_WOMENS_SUMMER_1_14_4451ba3b-c30b-447e-97e7-c19fdf9d13fd_2000x.jpg?v=1575956864,150.0,Linen pop over dress
white,AUD,"Relaxed fit mini with adjustable drawcord ruching across the bust
 - Adjustable spaghetti straps
 - Drawcord under bust and across neckline for adjustable ruching
 - Open back feature with double tie closure
 - Mini length
 - Relaxed fit on the body
 - Fully lined in cotton",https://cdn.shopify.com/s/files/1/2129/8823/products/VENROY_ECOMM_WOMENS_SUMMER_1_34_2000x.jpg?v=1574644679>>https://cdn.shopify.com/s/files/1/2129/8823/products/VENROY_ECOMM_WOMENS_SUMMER_1_35_2000x.jpg?v=1574644679>>https://cdn.shopify.com/s/files/1/2129/8823/products/VENROY_ECOMM_WOMENS_SUMMER_1_36_2000x.jpg?v=1574644679,160.0,Gathered lounge dress
copper,AUD,"Relaxed fit mini with adjustable drawcord ruching across the bust
 - Adjustable spaghetti straps
 - Drawcord under bust and across neckline for adjustable ruching
 - Open back feature with double tie closure
 - Mini length
 - Relaxed fit on the body
 - Fully lined in cotton",https://cdn.shopify.com/s/files/1/2129/8823/products/VENROY_ECOMM_WOMENS_SUMMER_1_28_2000x.jpg?v=1575958131>>https://cdn.shopify.com/s/files/1/2129/8823/products/VENROY_ECOMM_WOMENS_SUMMER_1_29_2000x.jpg?v=1575958131>>https://cdn.shopify.com/s/files/1/2129/8823/products/VENROY_ECOMM_WOMENS_SUMMER_1_30_2000x.jpg?v=1575958131>>https://cdn.shopify.com/s/files/1/2129/8823/products/VENROY_ECOMM_WOMENS_SUMMER_1_11_1ba20b4e-5460-4f4f-b746-d06a1e4bf793_2000x.jpg?v=1575958145,160.0,Gathered lounge dress
geo print,AUD,"Retro flair in a pre-shrunk, 100% Silk summer favourite. Note the French placket, pocket and high side split.",https://cdn.shopify.com/s/files/1/2129/8823/products/VENROY_ECOMM_MENS_SUMMER_2_13_2000x.jpg?v=1574922266>>https://cdn.shopify.com/s/files/1/2129/8823/products/VENROY_ECOMM_MENS_SUMMER_2_14_2000x.jpg?v=1574922266>>https://cdn.shopify.com/s/files/1/2129/8823/products/VENROY_ECOMM_MENS_SUMMER_2_15_2000x.jpg?v=1574922266>>https://cdn.shopify.com/s/files/1/2129/8823/products/VENROY_ECOMM_WOMENS_SUMMER_1_9_86e304ca-cce9-458b-946c-832f6600ff7a_2000x.jpg?v=1575958366,270.0,Short sleeve silk shirt
shell,AUD,"Introducing a new style, the Camp Collar Shirt with short sleeves. Retro flair in a pre-shrunk, 100% Silk. A new summer favourite. Note the French placket, pocket and high side split.",https://cdn.shopify.com/s/files/1/2129/8823/products/VENROY_MENS_HS_98_2000x.jpg?v=1590465611>>https://cdn.shopify.com/s/files/1/2129/8823/products/VENROY_MENS_HS_99_2000x.jpg?v=1590465611>>https://cdn.shopify.com/s/files/1/2129/8823/products/VENROY_MENS_HS_100_2000x.jpg?v=1590465611>>https://cdn.shopify.com/s/files/1/2129/8823/products/M_ECOMM_CAMPAIGN_9_copy_2000x.jpg?v=1590465611>>https://cdn.shopify.com/s/files/1/2129/8823/products/M_ECOMM_CAMPAIGN_10_copy_2000x.jpg?v=1590465611,200.0,Silk short sleeve shirt
black,AUD,"Here's a first, the Short Sleeve Zip Shirt is as exactly as it sounds. Made from our in-house technical Cotton with subtle stretch, this piece is perfect for layering when the weather won't cooperate, or when your outfit calls for an added edge.
 - Slimline chest pocket
 - Functioning YKK zip
 - Hem split on both sides",https://cdn.shopify.com/s/files/1/2129/8823/products/VENROY_ECOMM_MENS_SP_63_83006098-cfa6-41eb-9915-8485efaf996e_2000x.jpg?v=1581049946>>https://cdn.shopify.com/s/files/1/2129/8823/products/VENROY_ECOMM_MENS_SP_64_2000x.jpg?v=1581049946>>https://cdn.shopify.com/s/files/1/2129/8823/products/VENROY_ECOMM_MENS_SP_65_2000x.jpg?v=1581049946,150.0,Short sleeve zip shirt
white,AUD,"An easy option for up top, pair with our signature swim shorts for a classic look. The soft drape and light weight tencel blend beg for warm summer days.",https://cdn.shopify.com/s/files/1/2129/8823/products/VENROY_ECOMM_MENS_4_71_4b234b86-1c11-4e22-bc64-9e7ed829b911_2000x.jpg?v=1590465618>>https://cdn.shopify.com/s/files/1/2129/8823/products/VENROY_ECOMM_MENS_4_72_2000x.jpg?v=1590465618,110.0,Tencel grandad
light blue,AUD,"An easy classic reinvented. When linen won't do, opt for Cotton Voile. Classic shape, now with French placket, pocket and stitch down collar.",https://cdn.shopify.com/s/files/1/2129/8823/products/VENROY_ECOMM_MENS_HIGH_SUMMER_1_50_2000x.jpg?v=1580710712>>https://cdn.shopify.com/s/files/1/2129/8823/products/VENROY_ECOMM_MENS_HIGH_SUMMER_1_49_2000x.jpg?v=1580710712>>https://cdn.shopify.com/s/files/1/2129/8823/products/VENROY_ECOMM_MENS_HIGH_SUMMER_1_51_2000x.jpg?v=1580362357>>https://cdn.shopify.com/s/files/1/2129/8823/products/VENROY_ECOMM_MENS_HIGH_SUMMER_1_52_2000x.jpg?v=1580362357>>https://cdn.shopify.com/s/files/1/2129/8823/products/MENS_E-COMM_CAMPAIGN_2_14f6fae3-638b-4622-92c2-016a9032b6de_2000x.jpg?v=1580362455>>https://cdn.shopify.com/s/files/1/2129/8823/products/MENS_E-COMM_CAMPAIGN_3_1782e08e-9237-40eb-bc0a-08f766bb8f59_2000x.jpg?v=1580362455>>https://cdn.shopify.com/s/files/1/2129/8823/products/MENS_E-COMM_CAMPAIGN_11_2e66e351-d805-4a07-9ac0-5119e38fb388_2000x.jpg?v=1580362455>>https://cdn.shopify.com/s/files/1/2129/8823/products/MENS_E-COMM_CAMPAIGN_12_5b55022d-c3b2-477e-bb27-84e4b3ecae82_2000x.jpg?v=1580362455,80.0,Cotton shirt
white,AUD,"The same super soft signature linen in a pop over shirt style, now with a Cutaway collar tip for a modern update.",https://cdn.shopify.com/s/files/1/2129/8823/products/VENROY_ECOMM_MENS_SUMMER_4_1_2000x.jpg?v=1575336341>>https://cdn.shopify.com/s/files/1/2129/8823/products/VENROY_ECOMM_MENS_SUMMER_4_2_2000x.jpg?v=1575336341,120.0,Cutaway pop over shirt
pale pistachio,AUD,"An easy option for up top, pair with our signature swim shorts for a classic look. Lightweight Cotton and summer go hand in hand, trust us when we say you'll never look back.",https://cdn.shopify.com/s/files/1/2129/8823/products/S63-X-B18-18227-Venroy-1290_2000x.jpg?v=1537338983>>https://cdn.shopify.com/s/files/1/2129/8823/products/S63-X-B18-18227-Venroy-1295_2000x.jpg?v=1537338983>>https://cdn.shopify.com/s/files/1/2129/8823/products/Pale-Pistachio-Cototn-Shirt---PD-edit_4f44c09d-40b6-41fb-8829-1b210ab1e4e0_2000x.jpg?v=1537338983,80.0,Cotton shirt
black,AUD,"Our Grandad Collar Shirt is an easy option for up top, pair with our signature shorts for a classic look.",https://cdn.shopify.com/s/files/1/2129/8823/products/VENROY_ECOMM_MENS_HIGH_SUMMER_1_101_2000x.jpg?v=1580363263>>https://cdn.shopify.com/s/files/1/2129/8823/products/VENROY_ECOMM_MENS_HIGH_SUMMER_1_102_2000x.jpg?v=1580363263>>https://cdn.shopify.com/s/files/1/2129/8823/products/VENROY_ECOMM_MENS_HIGH_SUMMER_1_103_2000x.jpg?v=1580363263>>https://cdn.shopify.com/s/files/1/2129/8823/products/VENROY_ECOMM_MENS_HIGH_SUMMER_1_104_2000x.jpg?v=1580363263>>https://cdn.shopify.com/s/files/1/2129/8823/products/VENROY_ECOMM_MENS_HIGH_SUMMER_1_105_2000x.jpg?v=1580363263,120.0,Grandad collar shirt
navy,AUD,"Our Grandad Collar Shirt is an easy option for up top, pair with our signature swim shorts for a classic look.",https://cdn.shopify.com/s/files/1/2129/8823/products/VENROY_ECOMM_MENS_SP_131_2000x.jpg?v=1581049941>>https://cdn.shopify.com/s/files/1/2129/8823/products/VENROY_ECOMM_MENS_SP_132_2000x.jpg?v=1581049941>>https://cdn.shopify.com/s/files/1/2129/8823/products/VENROY_ECOMM_MENS_SP_133_2000x.jpg?v=1581049941,120.0,Grandad collar shirt
white,AUD,"Our Tencel Linen Shirt shares the same cut as our Linen Shirt, with a little extra room in the body and arms. The noticeable difference is to the touch, our Tencel Linen hybrid offers a softer, floatier feel. Ideally comfortable and airy for warm, summer days... without sacrificing style. Designed to sit loose.",https://cdn.shopify.com/s/files/1/2129/8823/products/VENROY_MENS_HS_104_2000x.jpg?v=1590465608>>https://cdn.shopify.com/s/files/1/2129/8823/products/VENROY_MENS_HS_105_2000x.jpg?v=1590465608>>https://cdn.shopify.com/s/files/1/2129/8823/products/VENROY_MENS_HS_106_2000x.jpg?v=1590465608>>https://cdn.shopify.com/s/files/1/2129/8823/products/VENROY_ECOMM_MENS_4_12_2000x.jpg?v=1590465608>>https://cdn.shopify.com/s/files/1/2129/8823/products/VENROY_ECOMM_MENS_4_14_2000x.jpg?v=1590465608>>https://cdn.shopify.com/s/files/1/2129/8823/products/VENROY_ECOMM_MENS_4_15_2000x.jpg?v=1590465608,110.0,Tencel shirt
light blue mini stripe,AUD,"Our grandad collared Shirt in Light Blue Mini Stripe is an easy option for up top, pair with our signature swim shorts for a classic look. Linen and summer go hand in hand, trust us when we say you'll never look back.",https://cdn.shopify.com/s/files/1/2129/8823/products/S34-18034-Venroy-104_2000x.jpg?v=1526887540,100.0,Grandad collar shirt
light pink,AUD,"Our Grandad Collared Shirt is an easy option for up top. Linen and summer go hand in hand, trust us when we say you'll never look back.",https://cdn.shopify.com/s/files/1/2129/8823/products/VENROY_ECOMM_MENS_HIGH_SUMMER_1_32_2000x.jpg?v=1580361939>>https://cdn.shopify.com/s/files/1/2129/8823/products/VENROY_ECOMM_MENS_HIGH_SUMMER_1_33_2000x.jpg?v=1580361939>>https://cdn.shopify.com/s/files/1/2129/8823/products/VENROY_ECOMM_MENS_HIGH_SUMMER_1_34_2000x.jpg?v=1580361939>>https://cdn.shopify.com/s/files/1/2129/8823/products/VENROY_ECOMM_MENS_HIGH_SUMMER_1_35_2000x.jpg?v=1580361939>>https://cdn.shopify.com/s/files/1/2129/8823/products/VENROY_ECOMM_MENS_HIGH_SUMMER_1_32_fe076ace-f043-41c4-997d-99855b1631cd_2000x.jpg?v=1580362026>>https://cdn.shopify.com/s/files/1/2129/8823/products/VENROY_ECOMM_MENS_HIGH_SUMMER_1_33_47ca7907-18d1-491d-8261-6cee54bc7921_2000x.jpg?v=1580362026>>https://cdn.shopify.com/s/files/1/2129/8823/products/VENROY_ECOMM_MENS_HIGH_SUMMER_1_34_ece50101-bb80-4353-8cc5-189f2e40697d_2000x.jpg?v=1580362026>>https://cdn.shopify.com/s/files/1/2129/8823/products/VENROY_ECOMM_MENS_HIGH_SUMMER_1_35_91e8b617-eb61-4702-8363-098d26537047_2000x.jpg?v=1580362026,100.0,Grandad collar shirt
burgundy,AUD,"Our Grandad Collar Shirt is an easy option for up top, pair with our signature swim shorts for a classic look.",https://cdn.shopify.com/s/files/1/2129/8823/products/VENROY_ECOMM_MENS_SP_38_bb394bc5-e78a-4b49-b92c-ec376f630702_2000x.jpg?v=1581049942>>https://cdn.shopify.com/s/files/1/2129/8823/products/VENROY_ECOMM_MENS_SP_39_5926e1fb-cbfc-4bfb-8e43-6e2222854794_2000x.jpg?v=1581049942>>https://cdn.shopify.com/s/files/1/2129/8823/products/VENROY_ECOMM_MENS_SP_40_7eb4da6d-39b5-46ba-bec9-7d644e9cc68f_2000x.jpg?v=1581049942>>https://cdn.shopify.com/s/files/1/2129/8823/products/VENROY_ECOMM_MENS_SP_41_fd0864a6-f7bc-48d1-8d77-e13b251fe15c_2000x.jpg?v=1581049942,120.0,Grandad collar shirt
summer stripe,AUD,"Our Grandad Collar Shirt is an easy option for up top, pair with our signature swim shorts for a classic look.",https://cdn.shopify.com/s/files/1/2129/8823/products/VENROY_ECOMM_MENS_1_41_2000x.jpg?v=1590465592>>https://cdn.shopify.com/s/files/1/2129/8823/products/VENROY_ECOMM_MENS_1_43_2000x.jpg?v=1590465592>>https://cdn.shopify.com/s/files/1/2129/8823/products/VENROY_ECOMM_MENS_1_45_2000x.jpg?v=1590465592>>https://cdn.shopify.com/s/files/1/2129/8823/products/M_ECOMM_CAMPAIGN_12_copy_e6b4af9f-bdc7-45ac-98d0-aeb3d647540c_2000x.jpg?v=1590465592>>https://cdn.shopify.com/s/files/1/2129/8823/products/S_ECOMM_CAMPAIGN_1_copy_2000x.jpg?v=1590465592,120.0,Grandad collar shirt
white,AUD,"Our Grandad Collar Shirt is an easy option for up top, pair with our signature swim shorts for a classic look.",https://cdn.shopify.com/s/files/1/2129/8823/products/VENROY_ECOMM_MENS_SUMMER_1_55_2000x.jpg?v=1574659057>>https://cdn.shopify.com/s/files/1/2129/8823/products/VENROY_ECOMM_MENS_SUMMER_1_56_2000x.jpg?v=1574659057>>https://cdn.shopify.com/s/files/1/2129/8823/products/VENROY_ECOMM_MENS_SUMMER_1_54_2000x.jpg?v=1574659057,120.0,Grandad collar shirt
light blue,AUD,"Our Grandad Collar Shirt is an easy option for up top, pair with our signature swim shorts for a classic look.",https://cdn.shopify.com/s/files/1/2129/8823/products/VENROY_ECOMM_MENS_3_51_2000x.jpg?v=1590481733>>https://cdn.shopify.com/s/files/1/2129/8823/products/VENROY_ECOMM_MENS_3_53_2000x.jpg?v=1590481733>>https://cdn.shopify.com/s/files/1/2129/8823/products/VENROY_ECOMM_MENS_3_54_2000x.jpg?v=1590481733,100.0,Grandad collar shirt
oat,AUD,"Our Grandad Collar Shirt is an easy option for up top, pair with our signature swim shorts for a classic look.",https://cdn.shopify.com/s/files/1/2129/8823/products/VENROY_ECOMM_MENS_SUMMER_1_4_2000x.jpg?v=1574659651>>https://cdn.shopify.com/s/files/1/2129/8823/products/VENROY_ECOMM_MENS_SUMMER_1_5_2000x.jpg?v=1574659651>>https://cdn.shopify.com/s/files/1/2129/8823/products/VENROY_ECOMM_MENS_SUMMER_1_6_2000x.jpg?v=1574659659,120.0,Grandad collar shirt
light grey,AUD,"Our Grandad Collar Shirt is an easy option for up top, pair with our signature shorts for a classic look.",https://cdn.shopify.com/s/files/1/2129/8823/products/VENROY_ECOMM_MENS_HIGH_SUMMER_1_86_2000x.jpg?v=1582171103>>https://cdn.shopify.com/s/files/1/2129/8823/products/VENROY_ECOMM_MENS_HIGH_SUMMER_1_85_2000x.jpg?v=1582171103>>https://cdn.shopify.com/s/files/1/2129/8823/products/VENROY_ECOMM_MENS_HIGH_SUMMER_1_87_2000x.jpg?v=1580363059>>https://cdn.shopify.com/s/files/1/2129/8823/products/VENROY_ECOMM_MENS_HIGH_SUMMER_1_88_2000x.jpg?v=1580363059,120.0,Grandad collar shirt
